{"type":"FeatureCollection","features":[{"type":"Feature","properties":{"cut":4101,"comuna":"LA SERENA"},"geometry":{"type":"Polygon","coordinates":[[[-70.87473715099992,-29.548275841999953],[-70.87883319299993,-29.546296905999952],[-70.88254917599994,-29.537238878999915],[-70.88833450299995,-29.53725152399994],[-70.89008083099992,-29.539107922999904],[-70.89014228699995,-29.54518382099991],[-70.89139145099995,-29.546844258999954],[-70.89461275299993,-29.54837732099992],[-70.89765144799992,-29.54755348799995],[-70.90360853499993,-29.552845744999956],[-70.91315762799991,-29.55425592599994],[-70.91829592499994,-29.55743896799993],[-70.92005535999994,-29.561730844999943],[-70.92712135599993,-29.56664954599995],[-70.93005644999994,-29.57041733199992],[-70.93716216099995,-29.570892899999933],[-70.93717276199993,-29.578525787999922],[-70.93915094599993,-29.581997635999926],[-70.94670811899994,-29.582586266999954],[-70.94991488599993,-29.586211627999944],[-70.95551033499993,-29.58904158999991],[-70.96509140199993,-29.58558951799995],[-70.96579593099995,-29.58781315199991],[-70.96381974499991,-29.591392726999914],[-70.96417439899994,-29.593796462999933],[-70.96544624699993,-29.59683171799992],[-70.9684801699999,-29.59906039099991],[-70.97361623899991,-29.59846080299991],[-70.98134542199995,-29.60010498099996],[-70.98653585599993,-29.59889056199995],[-70.99079379799991,-29.60078008399995],[-70.99347363699991,-29.60021204499992],[-70.99638871099995,-29.595553303999907],[-71.00056120599993,-29.59236411799992],[-71.00066592499991,-29.590030524999918],[-71.00392401199991,-29.58510016999992],[-71.00822252899991,-29.582766095999943],[-71.00991848299992,-29.57988035799991],[-71.01598511199995,-29.578322243999935],[-71.0204394349999,-29.563367762999917],[-71.02953633499993,-29.563095399999952],[-71.0322055339999,-29.56621518499992],[-71.03386274699994,-29.57095355699994],[-71.04022224999994,-29.57643622799992],[-71.06190258799995,-29.581708531999936],[-71.06583770099991,-29.57989196199992],[-71.07224956499994,-29.579341495999927],[-71.07446027899994,-29.58578935199995],[-71.08207293599992,-29.59615831499991],[-71.0937351099999,-29.602912761999903],[-71.09679700299995,-29.60596347099994],[-71.09823533199994,-29.611448666999934],[-71.10205264899992,-29.614406087999953],[-71.1092432929999,-29.613101043999905],[-71.11691374399993,-29.616113980999955],[-71.12154296199992,-29.61494385499992],[-71.12489978999992,-29.612157828999955],[-71.1311522659999,-29.615064980999932],[-71.14073287999992,-29.615569301999926],[-71.14733794999995,-29.621137278999925],[-71.14534101599992,-29.625283559999957],[-71.1515216489999,-29.627100567999946],[-71.15372895699994,-29.62995622899996],[-71.16060863899992,-29.629564633999905],[-71.16313894299992,-29.630592462999914],[-71.16732489799995,-29.63976239999994],[-71.17697573899994,-29.642473185999904],[-71.18232198599992,-29.646381899999938],[-71.18454249699994,-29.651641060999907],[-71.1881201189999,-29.654180290999932],[-71.19310581899992,-29.65332778699991],[-71.20287742699992,-29.65605139899992],[-71.21361518299994,-29.65208925199994],[-71.2169009189999,-29.653729057999954],[-71.2220094839999,-29.66109081499991],[-71.23038554499993,-29.667026102999955],[-71.23590703999992,-29.666954971999928],[-71.24040633899995,-29.66845835299995],[-71.24739619899992,-29.667528037999944],[-71.25937160199993,-29.671893723999915],[-71.26789731799994,-29.67013772699994],[-71.26970121099993,-29.671157828999924],[-71.26975853699992,-29.675031538999917],[-71.27361112799991,-29.680707582999958],[-71.2756379459999,-29.690921051999908],[-71.28002656299992,-29.69380907799996],[-71.2874516569999,-29.692778889999943],[-71.29544595399994,-29.68596028199994],[-71.29773402799992,-29.679032841999913],[-71.29713630299995,-29.67312071899994],[-71.30382858699994,-29.662990862999948],[-71.30500163699992,-29.65696227299992],[-71.30819778599994,-29.65221556599994],[-71.31412275399992,-29.651837517999923],[-71.31287351799995,-29.652438166999957],[-71.31490203999994,-29.65459534999991],[-71.31434883399993,-29.655392736999943],[-71.3171611109999,-29.656200920999936],[-71.31520793299995,-29.658979102999922],[-71.31652921599994,-29.660346356999924],[-71.31604269999991,-29.66201887299991],[-71.3185263819999,-29.664008802999945],[-71.31726626499994,-29.66499798199993],[-71.31850497199991,-29.66616870899992],[-71.31596618799995,-29.66868474699993],[-71.3226001349999,-29.672715556999947],[-71.3196043719999,-29.67752536699993],[-71.32148544799992,-29.682620648999944],[-71.32010185999991,-29.68418745799994],[-71.32116754299994,-29.68425302499992],[-71.32434625199994,-29.69126762199994],[-71.32242771599994,-29.69173199599993],[-71.32182547399992,-29.695063121999908],[-71.31855146999993,-29.69839281399993],[-71.32196679799995,-29.701800329999912],[-71.32790632699994,-29.700890602999948],[-71.3272490999999,-29.702800227999944],[-71.33028679199992,-29.70608133199994],[-71.3290990829999,-29.70909893499993],[-71.3297697669999,-29.710362260999943],[-71.32720355399994,-29.71101115299996],[-71.32456689399993,-29.714672091999944],[-71.32524938699993,-29.719042675999958],[-71.3242013919999,-29.72063966299993],[-71.32855454699995,-29.725659398999937],[-71.32691328699991,-29.728230977999942],[-71.32629910999992,-29.733011947999955],[-71.32789035299993,-29.733467831999917],[-71.32925624899991,-29.737429935999955],[-71.33394782199991,-29.738024287999906],[-71.33601783299991,-29.739953443999923],[-71.33992468799994,-29.740840808999906],[-71.33982603299995,-29.743872576999934],[-71.34197201199993,-29.74467083199994],[-71.34134058399991,-29.745548134999922],[-71.34244697399993,-29.746568648999926],[-71.34138643699993,-29.753286817999935],[-71.34543501599995,-29.755341795999925],[-71.34337190899993,-29.75969596099992],[-71.34227057299995,-29.758575745999906],[-71.3402384549999,-29.75973899899992],[-71.33969719599992,-29.763391098999932],[-71.34121123099993,-29.767660656999908],[-71.3397503029999,-29.769951673999913],[-71.33793680399992,-29.769534558999908],[-71.33632134899995,-29.77182619699994],[-71.33364673099993,-29.772593271999938],[-71.33358936299993,-29.774452460999953],[-71.33142745299995,-29.774215597999955],[-71.32724574899993,-29.776477159999956],[-71.3220055029999,-29.774709061999943],[-71.32108101199992,-29.777967314999955],[-71.31924223199991,-29.778923377999945],[-71.31877317599992,-29.78170481099994],[-71.3201803849999,-29.785712789999934],[-71.31934187299993,-29.788794177999932],[-71.32053058299994,-29.790767150999955],[-71.31935844799995,-29.794373736999944],[-71.31775794799995,-29.79503121399995],[-71.31916279299992,-29.797679166999956],[-71.31529741799994,-29.802139320999913],[-71.31671526499991,-29.804924574999916],[-71.31540900199991,-29.80476613499991],[-71.31608768099994,-29.80606839199993],[-71.31234730999995,-29.80809373099993],[-71.31354113599991,-29.81174246899991],[-71.31203044199992,-29.812705970999957],[-71.31315282199995,-29.814318513999922],[-71.30967145699992,-29.814288076999958],[-71.30839712999995,-29.816491078999945],[-71.31201400499992,-29.819577073999938],[-71.30846031499993,-29.822853565999935],[-71.30003148799995,-29.824586585999953],[-71.29908969599995,-29.826119251999955],[-71.2893023709999,-29.823713669999904],[-71.2834532249999,-29.831555863999938],[-71.27979325899992,-29.841694064999956],[-71.27446636999991,-29.88027222599993],[-71.27452681999995,-29.90258510399991],[-71.2755679519999,-29.915804643999934],[-71.27972553299992,-29.92840528599993],[-71.28786674699995,-29.94090296899992],[-71.28409114099992,-29.944162236999944],[-71.2881558389999,-29.949277019999954],[-71.28420837499993,-29.949168485999905],[-71.28081820999995,-29.950969749999956],[-71.27617357399993,-29.949327069999924],[-71.26832847899993,-29.949580587999947],[-71.26591666899992,-29.951748767999902],[-71.2634979899999,-29.951235263999934],[-71.25564422299993,-29.954862392999928],[-71.24885947199994,-29.952370705999954],[-71.24796690099993,-29.950756396999907],[-71.24704471699994,-29.952444167999943],[-71.24330474899995,-29.95214752399994],[-71.24083443399991,-29.95538767699992],[-71.2409227359999,-29.957887027999902],[-71.2379646309999,-29.96046931199993],[-71.23678980999995,-29.96592527699994],[-71.2348304599999,-29.966642579999927],[-71.2350873819999,-29.969363765999958],[-71.23776939999993,-29.971606778999956],[-71.23311566799993,-29.974100973999953],[-71.23385096099992,-29.975513403999912],[-71.23268923199993,-29.975549997999906],[-71.23253981199991,-29.979289551999955],[-71.22249257199991,-29.979601222999918],[-71.21871122199991,-29.981684352999935],[-71.21293513899991,-29.987860286999933],[-71.21279535799994,-29.991164489999903],[-71.2104771409999,-29.995808435999948],[-71.20063351999994,-29.999325177999935],[-71.19627841899995,-29.99758216999993],[-71.18288233999994,-30.00025189899992],[-71.1746362849999,-29.996055097999943],[-71.16976827999991,-29.99560334699993],[-71.16395011999992,-30.003026421999948],[-71.15737287199994,-30.006236568999952],[-71.15672765699992,-30.008552599999916],[-71.1493547529999,-30.01286560099993],[-71.14718453499995,-30.01780288099991],[-71.14453635399991,-30.020456021999905],[-71.14531619499991,-30.027676564999922],[-71.14276177799991,-30.03227725399995],[-71.14524928199995,-30.046565651999913],[-71.14416368499991,-30.050982137999938],[-71.15266799599993,-30.071396811999932],[-71.15140801799993,-30.076545135999936],[-71.15256405499991,-30.079581616999917],[-71.14786010499995,-30.08474218899994],[-71.13752392999993,-30.082961626999918],[-71.12969558399993,-30.07515276999993],[-71.12625103799991,-30.07418895299992],[-71.12299602899992,-30.074926424999944],[-71.11754598999994,-30.070720932999905],[-71.11305544299995,-30.070319095999935],[-71.10992694099991,-30.074162350999927],[-71.11321090699994,-30.083328621999954],[-71.1115944039999,-30.08735281999992],[-71.1140512739999,-30.093682885999954],[-71.11923815199992,-30.095910235999952],[-71.12223989199993,-30.100321223999913],[-71.12221012899994,-30.10658077699992],[-71.1266393809999,-30.109261430999936],[-71.12033667199995,-30.116115022999907],[-71.1138133039999,-30.119864829999926],[-71.10213371799995,-30.129569904999926],[-71.09570880299992,-30.130819173999953],[-71.08786359599992,-30.130559958999925],[-71.0819821099999,-30.13619253099995],[-71.07746672699994,-30.13722148499994],[-71.07482945599992,-30.133712448999916],[-71.06897974199995,-30.134841932999905],[-71.0653265649999,-30.132547518999957],[-71.05710388999995,-30.13107266499992],[-71.05286471199992,-30.127774004999935],[-71.05132965799993,-30.11895690399996],[-71.04795522699993,-30.117566133999958],[-71.0448165759999,-30.112662216999922],[-71.0443896829999,-30.10922262799994],[-71.04113128199992,-30.106530753999948],[-71.04130340499995,-30.10430469599993],[-71.03807855999992,-30.097137069999917],[-71.03299739099992,-30.09565055799993],[-71.03373946699992,-30.088394715999925],[-71.03712027799992,-30.079244040999924],[-71.03401633699991,-30.075724068999932],[-71.0332611899999,-30.072675184999923],[-71.03012402799993,-30.071142619999932],[-71.02838451899993,-30.068241951999937],[-71.0285650109999,-30.063582889999907],[-71.0252985059999,-30.05942574799991],[-71.02567997499995,-30.055406278999953],[-71.02393386499995,-30.05365033399994],[-71.02148118499991,-30.042640995999932],[-71.01321396599991,-30.034093422999945],[-71.00790665699992,-30.03088612399995],[-71.0077715139999,-30.02382865599992],[-71.01001178799993,-30.02245922499992],[-71.01161830599995,-30.01927705299994],[-71.0143998389999,-30.019112699999937],[-71.0156621129999,-30.016490590999922],[-71.0137592179999,-30.01139536699992],[-71.01089915799992,-30.006436529999917],[-71.00013422799992,-29.998439135999945],[-70.99902415999992,-29.978517735999958],[-71.00157824099995,-29.97912071199994],[-71.00314220299992,-29.977820336999912],[-71.00379357699995,-29.974052831999927],[-71.00850441499995,-29.96879802199993],[-71.00903182399992,-29.96641272499994],[-71.00265954899993,-29.96199433599992],[-71.00171044599995,-29.959130789999904],[-70.99869384199991,-29.958274408999955],[-70.99386531199991,-29.95397196899995],[-70.99346537999992,-29.95135618799992],[-70.99506049399992,-29.950268431999916],[-70.9950249979999,-29.947323319999953],[-70.9868212689999,-29.93422113999992],[-70.9813453029999,-29.93090474899992],[-70.9830687779999,-29.923537023999927],[-70.97944544699993,-29.920116756999903],[-70.98287255999992,-29.916169031999914],[-70.98501441099995,-29.911161186999948],[-70.98199425599995,-29.908721064999952],[-70.98213318499995,-29.90684691599995],[-70.98622322299991,-29.90209845699991],[-70.99148803999992,-29.902838689999953],[-70.99279367999992,-29.897492863999958],[-70.9965554549999,-29.89555489199995],[-70.99778444099991,-29.89351724499994],[-70.9942355089999,-29.888570901999913],[-70.9925839149999,-29.888446996999903],[-70.9918327979999,-29.88498938999993],[-70.98820909499995,-29.88291486399993],[-70.98709139099992,-29.880027984999913],[-70.9770017909999,-29.876734316999944],[-70.9857465039999,-29.861939683999935],[-70.9805910309999,-29.857086603999903],[-70.97358085499991,-29.855694281999945],[-70.96730298199992,-29.852034467999943],[-70.96581850399991,-29.84860563099994],[-70.95943514699991,-29.846172043999957],[-70.9484581129999,-29.84737193199993],[-70.94263285699992,-29.845127951999928],[-70.9381163779999,-29.841594478999923],[-70.93090871299995,-29.841763233999927],[-70.92421632999992,-29.83976326599992],[-70.9185587579999,-29.842755259999933],[-70.9004261149999,-29.832844860999955],[-70.89709648899992,-29.815172909999944],[-70.89269771399995,-29.81150075499994],[-70.88970254399993,-29.805963302999942],[-70.8900075059999,-29.798145578999936],[-70.8854660959999,-29.792914310999947],[-70.8783876839999,-29.791156480999916],[-70.8750586509999,-29.783410589999903],[-70.86396081099991,-29.77714584599994],[-70.86347552799992,-29.77322791599994],[-70.86542529099995,-29.768320615999926],[-70.8601416379999,-29.768601215999922],[-70.8544951369999,-29.763922537999917],[-70.84925055699995,-29.762297604999958],[-70.85056784299991,-29.75867969299992],[-70.84997404399991,-29.755166815999928],[-70.85161723199991,-29.751736999999935],[-70.84681547899993,-29.733402637999916],[-70.84551826699993,-29.73240831599992],[-70.84025518699991,-29.733012824999946],[-70.83590733799991,-29.729100746999904],[-70.82620369699993,-29.727628972999923],[-70.82569770599991,-29.721771249999904],[-70.82195373899992,-29.718376146999958],[-70.81340436999994,-29.71497022999995],[-70.80475974299992,-29.713407865999955],[-70.8014252879999,-29.710482571999933],[-70.7955029709999,-29.710179552999932],[-70.79266772499994,-29.70812469899994],[-70.79187268099992,-29.703876731999912],[-70.78852144099994,-29.70427392499994],[-70.78602981299991,-29.703039857999954],[-70.78265132599995,-29.69745066799993],[-70.77884581899991,-29.695151404999933],[-70.76023945599991,-29.694022843999903],[-70.7491029979999,-29.69506030699995],[-70.7404413779999,-29.692823951999912],[-70.7389542649999,-29.691250946999958],[-70.73720547899995,-29.684012709999934],[-70.72810468499995,-29.69192936199994],[-70.7201050999999,-29.69089704299995],[-70.70931240199991,-29.694077492999952],[-70.70104391899991,-29.690741679999917],[-70.68506646999992,-29.688884139999914],[-70.69056628699991,-29.684307072999957],[-70.69085056599994,-29.681694614999913],[-70.6962610619999,-29.67477366399993],[-70.69658909099991,-29.66870164599993],[-70.69428573699992,-29.658638707999955],[-70.7000721249999,-29.65102588299993],[-70.70125058499991,-29.644549088999952],[-70.70544192099993,-29.642475272999945],[-70.70577690099992,-29.636745853999912],[-70.71040976199993,-29.630225693999932],[-70.71747003599995,-29.629396147999955],[-70.71963282599995,-29.627052138999943],[-70.7277377069999,-29.62329249599992],[-70.74060717899994,-29.625921356999925],[-70.75381964299993,-29.625305183999956],[-70.75942804099992,-29.626832472999922],[-70.7621240869999,-29.62996371899993],[-70.76516926099993,-29.630766863999952],[-70.77057324299994,-29.62019218899991],[-70.77509071599991,-29.62246873899994],[-70.78533473999994,-29.62348166499993],[-70.78867728099993,-29.62274187299994],[-70.79178879299991,-29.619790310999917],[-70.79663966099992,-29.621235722999927],[-70.80219654399991,-29.616119986999934],[-70.80106872599993,-29.61233780799995],[-70.80448554799995,-29.60782508299991],[-70.81119123499991,-29.606745717999956],[-70.8120494559999,-29.603585040999917],[-70.81563267699994,-29.599399105999908],[-70.81576876899993,-29.588257684999917],[-70.82080701299992,-29.584914290999905],[-70.8289461839999,-29.584658033999915],[-70.83664957699995,-29.57428826799992],[-70.84406291699992,-29.571469659999934],[-70.8442058899999,-29.562408371999936],[-70.85052107399991,-29.55389370799992],[-70.8549221749999,-29.554251877999945],[-70.86226709499994,-29.558448434999946],[-70.86701135499993,-29.559514178999905],[-70.87473715099992,-29.548275841999953]]]}},{"type":"Feature","properties":{"cut":4102,"comuna":"COQUIMBO"},"geometry":{"type":"Polygon","coordinates":[[[-71.33742584899994,-29.93290510299994],[-71.33991336299994,-29.934682448999922],[-71.34229309999995,-29.933554228999924],[-71.34368079399991,-29.93509377299995],[-71.34611631299992,-29.935306618999903],[-71.34869828199993,-29.939608852999925],[-71.35203898899994,-29.93925480999991],[-71.35239057199993,-29.943841135999946],[-71.35578083399992,-29.94665972799993],[-71.35752597499993,-29.950450447999913],[-71.35963067699993,-29.95108246299992],[-71.3614169249999,-29.950008003999926],[-71.36159420199994,-29.952103876999956],[-71.3647566219999,-29.95250006799995],[-71.36260385599991,-29.953495269999905],[-71.36093537099993,-29.95653380899995],[-71.36325186499994,-29.962593110999933],[-71.36286834499992,-29.964558677999946],[-71.36029543199993,-29.964775135999957],[-71.35765007599991,-29.966978140999913],[-71.35363575799994,-29.965899445999924],[-71.35300948699995,-29.967143191999924],[-71.35231296299992,-29.96602321599994],[-71.34986987899993,-29.967255424999905],[-71.35327458599994,-29.97056688099991],[-71.35350490999991,-29.97275189699991],[-71.35315721799992,-29.970802486999958],[-71.35074210699992,-29.96922782699994],[-71.34749480999994,-29.973320007999916],[-71.35082600399994,-29.979638912999917],[-71.35717349599992,-29.983268394999925],[-71.36088128499995,-29.982563720999906],[-71.36292399399991,-29.98405689799995],[-71.36550038999991,-29.98357789399995],[-71.36841839999994,-29.969431751999934],[-71.3728381649999,-29.96713983099994],[-71.37453347999991,-29.96824032099994],[-71.37675483099991,-29.973761467999907],[-71.37922825899994,-29.974640774999955],[-71.37807874899994,-29.98039186999995],[-71.37865189399992,-29.985145934999935],[-71.38109906499994,-29.98668528299993],[-71.3846924039999,-29.986755322999954],[-71.38693457199992,-29.993845628999907],[-71.38957861099993,-29.994509299999947],[-71.39931124299994,-29.990425063999908],[-71.40292471899994,-29.990880568999955],[-71.40339784399993,-29.98973277099992],[-71.40533297499991,-29.99565635299996],[-71.4087954769999,-29.996408023999948],[-71.41090200499991,-29.99532239599995],[-71.41012066199994,-29.996189620999928],[-71.41136675199994,-29.99637814999994],[-71.41196112499995,-29.998375246999956],[-71.41675386999992,-29.999062256999935],[-71.41537008299991,-30.004397363999942],[-71.41575015699993,-30.009994811999945],[-71.4095035869999,-30.01154351899993],[-71.40930243899993,-30.014557290999903],[-71.40579572199994,-30.015946044999907],[-71.40235278699993,-30.015494063999938],[-71.40019574599995,-30.013305745999958],[-71.3975747479999,-30.013340653999933],[-71.39625803399991,-30.019026938999957],[-71.3884486469999,-30.022334358999956],[-71.3866932379999,-30.026256030999946],[-71.39101452199992,-30.030571529999918],[-71.39051477699991,-30.038779805999923],[-71.39231721499993,-30.04125801799995],[-71.39037924999991,-30.043620700999952],[-71.39120724399993,-30.045358277999924],[-71.38725123199993,-30.04976887899994],[-71.3866740329999,-30.05223030299993],[-71.38170404699991,-30.054000343999917],[-71.38111132699993,-30.057073445999947],[-71.38419048399993,-30.060592628999927],[-71.38431819099992,-30.064508041999943],[-71.3819348479999,-30.067691964999938],[-71.3772099759999,-30.06843641499995],[-71.3760242489999,-30.071465816999932],[-71.37690472299994,-30.07302548599995],[-71.37824842099991,-30.072389623999925],[-71.3785626319999,-30.07431325099992],[-71.37642129999995,-30.073194653999906],[-71.37400866199994,-30.074083164999934],[-71.37128582899993,-30.07965858299991],[-71.37254980499995,-30.08173237099993],[-71.37117164199992,-30.08256038299993],[-71.3714981519999,-30.084348631999944],[-71.37605953399992,-30.085544570999957],[-71.37554060699995,-30.088158665999913],[-71.3781587499999,-30.09019106699992],[-71.3777773839999,-30.095726859999957],[-71.38221635399992,-30.09482137899994],[-71.3852089909999,-30.097344333999956],[-71.38623527099992,-30.10179642399993],[-71.38344200299991,-30.103518333999943],[-71.37680362599991,-30.104298902999915],[-71.37547034199991,-30.10633651899991],[-71.37305174499994,-30.11929373299995],[-71.37240322899993,-30.137903713999947],[-71.37542377199992,-30.15194744699994],[-71.37845573099992,-30.15977399499991],[-71.38883900699994,-30.17593913099995],[-71.3983966099999,-30.184915822999926],[-71.40792516599993,-30.190838025999938],[-71.4226683359999,-30.194799350999915],[-71.43032632299992,-30.195306070999948],[-71.43395072399994,-30.189687920999916],[-71.43416461599992,-30.187283372999957],[-71.43657202399993,-30.186571698999956],[-71.44019061599994,-30.182572069999935],[-71.44398461399993,-30.181442125999922],[-71.44483386699994,-30.173583631999918],[-71.44701131699992,-30.167299440999955],[-71.44879551499992,-30.165504082999917],[-71.4505142669999,-30.169118300999912],[-71.44986599799995,-30.171273039999903],[-71.45092801899995,-30.171626326999956],[-71.45094429999995,-30.174651042999926],[-71.45542608499994,-30.174801449999904],[-71.45675868799992,-30.178693697999904],[-71.46214228999992,-30.178224189999924],[-71.45808192499993,-30.18210345299991],[-71.45974544299992,-30.18622909299995],[-71.45693900999993,-30.190055312999903],[-71.4574070669999,-30.191137341999934],[-71.46011742899992,-30.192317334999927],[-71.46158682399994,-30.19516372299995],[-71.4694049709999,-30.196623794999937],[-71.46983718299992,-30.198981498999956],[-71.47278314599993,-30.200407363999943],[-71.47603431699991,-30.198248448999948],[-71.48013617899994,-30.19933044499993],[-71.47813375299995,-30.201625560999958],[-71.4779352779999,-30.204201520999902],[-71.47606720899995,-30.20550451099996],[-71.47770701999991,-30.208146171999942],[-71.48155449699993,-30.208404151999957],[-71.48294506499991,-30.210504945999958],[-71.4796562969999,-30.213612966999904],[-71.4797605679999,-30.215739139999926],[-71.48275632499991,-30.218191950999937],[-71.48257570099992,-30.21961597899991],[-71.48147153499991,-30.220588033999945],[-71.47905755099993,-30.219654458999912],[-71.4773964499999,-30.222613193999905],[-71.47989815799991,-30.22927988999993],[-71.47922752399995,-30.231691171999955],[-71.47853587199995,-30.23067429899993],[-71.47806065999993,-30.23181202099994],[-71.47980654499992,-30.238248101999943],[-71.47783294999994,-30.240542960999903],[-71.48084354399992,-30.24604580999994],[-71.48426971899994,-30.249655280999946],[-71.49031605999994,-30.25308619799995],[-71.49392442599992,-30.25387014799992],[-71.49452260399994,-30.25110679699992],[-71.5011589099999,-30.248106390999908],[-71.50729192799992,-30.25016161499991],[-71.50752147999992,-30.25285790399994],[-71.50961184399995,-30.253539064999927],[-71.50699998399995,-30.256578283999943],[-71.50204054599993,-30.25495334099992],[-71.50034741099995,-30.255593665999925],[-71.50046810599991,-30.25678682499995],[-71.49718184699992,-30.256145630999924],[-71.49586366199992,-30.264198537999903],[-71.5007022559999,-30.274478265999903],[-71.51797409699992,-30.287824285999932],[-71.52824868899995,-30.292683714999953],[-71.54401939999991,-30.297749153999916],[-71.55817601199993,-30.30057312999992],[-71.58599673299994,-30.302373897999928],[-71.59903576399995,-30.301070996999954],[-71.60728393399995,-30.298098030999938],[-71.60894717699995,-30.293493773999955],[-71.6072696569999,-30.292208864999907],[-71.61158664299995,-30.285011617999942],[-71.61019227899993,-30.279424642999913],[-71.6158567299999,-30.272079554999948],[-71.61458112899993,-30.268991858999925],[-71.61724301699991,-30.25972046699991],[-71.61873861499993,-30.258354668999914],[-71.61766268799994,-30.25487569099994],[-71.61874932899991,-30.24836296099994],[-71.62042042999991,-30.245934036999927],[-71.61954738999992,-30.245232862999956],[-71.6239381549999,-30.24350287099992],[-71.62746698399991,-30.237315897999906],[-71.63003237799995,-30.24174625899991],[-71.6328604819999,-30.242836928999907],[-71.63502633299993,-30.245455421999907],[-71.63463408599995,-30.24709090199991],[-71.63617895499993,-30.247622915999955],[-71.63524963499992,-30.24815162899995],[-71.63771322699995,-30.252515229999915],[-71.63723435799994,-30.254142832999946],[-71.63944497599994,-30.256590332999906],[-71.63816869699991,-30.260456535999936],[-71.63963466699994,-30.261350389999905],[-71.63945607599993,-30.262659905999953],[-71.64461206399994,-30.264511383999945],[-71.64686214999995,-30.267131242999938],[-71.64957663399991,-30.266941084999928],[-71.64940431899993,-30.268810707999933],[-71.65326853499994,-30.272638539999946],[-71.6542252719999,-30.281223418999957],[-71.65750132399995,-30.28533589299991],[-71.65777212799992,-30.28770071699995],[-71.65632161499991,-30.28950647599993],[-71.65709171499992,-30.294660343999908],[-71.65820547299995,-30.29546935399992],[-71.65735695899991,-30.300133084999914],[-71.65842564299993,-30.30523303399991],[-71.6617169619999,-30.305177671999957],[-71.66677950499991,-30.310470024999915],[-71.66530740299993,-30.310743447999926],[-71.66422008799992,-30.312976619999915],[-71.66410645899992,-30.316345978999948],[-71.6652238929999,-30.31752574399991],[-71.66408966499995,-30.317699541999957],[-71.66354845299992,-30.32077922299993],[-71.66550771399994,-30.32353668299993],[-71.66401640099991,-30.32854852999992],[-71.66525185099994,-30.329873020999912],[-71.66461323999994,-30.331747726999936],[-71.66613378399995,-30.333181035999928],[-71.66620747799993,-30.335988888999907],[-71.67066604999991,-30.33943172699992],[-71.66953110799994,-30.34116003799994],[-71.67123273199991,-30.343617244999905],[-71.66939412499994,-30.345291131999943],[-71.66448478399991,-30.344256402999918],[-71.66006447599995,-30.34499044599994],[-71.65059589499992,-30.341172316999916],[-71.64134957099992,-30.342864300999906],[-71.64042528899995,-30.34841105499993],[-71.62583332399993,-30.345976144999952],[-71.62167115699992,-30.346242693999955],[-71.6153991779999,-30.348744604999922],[-71.6114728519999,-30.348055297999906],[-71.60636266099993,-30.360006648999956],[-71.60574810199995,-30.37515311599992],[-71.6038193949999,-30.38325722099995],[-71.56360440399993,-30.40462147599993],[-71.55547440999993,-30.410593605999907],[-71.54467600899994,-30.409243170999957],[-71.52142567099992,-30.409704475999945],[-71.5061145009999,-30.40836576299995],[-71.49495303599991,-30.411538625999924],[-71.48150013199995,-30.417386130999944],[-71.48226733599995,-30.420932169999958],[-71.48417206099992,-30.422745467999903],[-71.48307675899991,-30.42625062299993],[-71.48437437399991,-30.428552767999918],[-71.48500071699993,-30.437502174999906],[-71.48405038899995,-30.444011572999955],[-71.48529675899994,-30.44636801899992],[-71.48073574699993,-30.456064063999918],[-71.48193535199994,-30.465240727999912],[-71.48074913499994,-30.467967168999905],[-71.48187719799995,-30.469402532999936],[-71.48010393399994,-30.47138767599995],[-71.4618700609999,-30.466621465999935],[-71.4526413829999,-30.479240364999953],[-71.45270826199993,-30.48399744799991],[-71.44739883499994,-30.49390683699994],[-71.44260057499991,-30.495662221999908],[-71.43446499999993,-30.49531727199991],[-71.42979633199991,-30.49642941399992],[-71.42781348999995,-30.49560627099993],[-71.42686216699991,-30.491518352999947],[-71.42307980699991,-30.488607605999903],[-71.4136258339999,-30.487237112999935],[-71.40865897099991,-30.484344276999934],[-71.40323231399992,-30.47783211199993],[-71.39749050199993,-30.475733729999945],[-71.39644472499992,-30.479931606999912],[-71.3917268429999,-30.487181664999923],[-71.38637533199994,-30.501805559999923],[-71.38290841899993,-30.507588263999935],[-71.37930533499991,-30.509685361999914],[-71.37346501999991,-30.506993034999937],[-71.37075220399993,-30.50208740399995],[-71.3691731959999,-30.492780185999948],[-71.3659754329999,-30.487389049999933],[-71.3672585619999,-30.483188324999958],[-71.36520686999995,-30.48049699899991],[-71.3664468849999,-30.47493913799991],[-71.36554551299992,-30.472416323999937],[-71.36002178299992,-30.466026970999906],[-71.35071202899991,-30.463501323999935],[-71.33953885999995,-30.45602048099994],[-71.33711722499993,-30.451640777999955],[-71.33340363499991,-30.449013419999915],[-71.33288405999991,-30.447015689999944],[-71.33467555499993,-30.443187818999945],[-71.33089601699993,-30.434259407999946],[-71.33064181399993,-30.43031874299993],[-71.32536608999993,-30.42605054899991],[-71.32749148599993,-30.420120898999926],[-71.3234487869999,-30.417081948999908],[-71.32317971099991,-30.411865650999914],[-71.32026870899995,-30.408152952999956],[-71.3164612189999,-30.40566591499993],[-71.31360861499991,-30.405438428999958],[-71.3089002399999,-30.408146168999906],[-71.30631959599992,-30.40754873399993],[-71.29298802299991,-30.41023419699991],[-71.28457178899993,-30.407019617999936],[-71.28742093299991,-30.39329816399993],[-71.2855768739999,-30.390256087999944],[-71.28584825799993,-30.386893829999906],[-71.28836164199993,-30.38027203699994],[-71.29276121999993,-30.373744417999944],[-71.29534104299995,-30.36528593299994],[-71.29889464999991,-30.36134044399995],[-71.2966872849999,-30.355883641999924],[-71.29663400599992,-30.35203339599991],[-71.29014322899991,-30.34752163999991],[-71.28909624899995,-30.345110439999928],[-71.2915816819999,-30.342090218999942],[-71.29173376299991,-30.338613727999928],[-71.29511118799991,-30.334257367999953],[-71.29367445699995,-30.32908754099992],[-71.28730891999993,-30.330996873999936],[-71.2821776589999,-30.33092184399993],[-71.27395801799992,-30.32642809999993],[-71.26628849199994,-30.327153591999945],[-71.2601950319999,-30.32600675099991],[-71.2501799659999,-30.31906122999993],[-71.24201544699991,-30.318118160999916],[-71.24164346499992,-30.316400011999917],[-71.23479319899991,-30.310849272999917],[-71.22081665799993,-30.31279699399994],[-71.22114489199993,-30.308407307999914],[-71.21755668999992,-30.30471539599995],[-71.21558205399992,-30.298344195999903],[-71.21753281199994,-30.293521080999938],[-71.21209502599993,-30.287727021999956],[-71.2135921329999,-30.284905237999908],[-71.21232999999995,-30.280269999999916],[-71.21008202399992,-30.279164145999914],[-71.2105196519999,-30.276445980999938],[-71.20927918699994,-30.27370497699991],[-71.21029472399994,-30.27232052799991],[-71.20756999999992,-30.268639999999948],[-71.21140238899994,-30.266508098999907],[-71.21095704599992,-30.262794501999906],[-71.21260068899994,-30.260127509999904],[-71.21224000599994,-30.258000070999913],[-71.20580269599992,-30.257698933999905],[-71.19513219999993,-30.26083262499992],[-71.19303319799991,-30.259640950999938],[-71.1908748269999,-30.254720067999926],[-71.1806540739999,-30.251004019999925],[-71.18166307999991,-30.24721504899992],[-71.18541999999991,-30.24535999999995],[-71.18493262399994,-30.24211029299994],[-71.18239172999995,-30.240635617999942],[-71.18257194499995,-30.232982798999956],[-71.18633023399991,-30.227751090999902],[-71.18258079899994,-30.22471609699994],[-71.1809213439999,-30.216258239999945],[-71.18279060799995,-30.213872624999908],[-71.18242964099994,-30.212033833999953],[-71.18582586699995,-30.21021813099992],[-71.1881583999999,-30.205899084999942],[-71.18792127499995,-30.203570751999905],[-71.19318295199992,-30.195300748999955],[-71.19778348999995,-30.193257118999952],[-71.1992062029999,-30.18989999599995],[-71.2045833279999,-30.185574327999916],[-71.20476656999995,-30.182030501999918],[-71.20720384999993,-30.179017958999907],[-71.20788628699995,-30.174413898999944],[-71.21034034599995,-30.17219850099991],[-71.20938222699994,-30.169711313999926],[-71.2104614669999,-30.16720333199993],[-71.20802546999994,-30.16031180999994],[-71.20483052199995,-30.155728789999955],[-71.20503506999995,-30.153187804999902],[-71.21262603299994,-30.147691236999947],[-71.21418639199993,-30.14613866199994],[-71.21366234299995,-30.145178675999944],[-71.20723995599991,-30.144493009999906],[-71.1935299989999,-30.13202999999993],[-71.1891862409999,-30.136312326999928],[-71.1855100489999,-30.136489630999904],[-71.18207701099993,-30.136109227999953],[-71.17749351999993,-30.133082077999916],[-71.1704695059999,-30.13451688099991],[-71.1668209959999,-30.132388153999955],[-71.16193040999991,-30.132232648999945],[-71.14795057299995,-30.123947706999957],[-71.14251356699992,-30.116270646999908],[-71.12237847799992,-30.106781036999905],[-71.12223989199993,-30.100321223999913],[-71.1202668279999,-30.09680659399993],[-71.11353918799995,-30.092694769999923],[-71.1115354019999,-30.08714853999993],[-71.1130718789999,-30.082487974999935],[-71.10992694099991,-30.074162350999927],[-71.11305544299995,-30.070319095999935],[-71.11565110399994,-30.06990856999994],[-71.12202050399992,-30.074626103999947],[-71.12969558399993,-30.07515276999993],[-71.13691500099992,-30.082813492999946],[-71.1439161209999,-30.08443785599991],[-71.14786010499995,-30.08474218899994],[-71.15256405499991,-30.079581616999917],[-71.15140801799993,-30.076545135999936],[-71.15266799599993,-30.071396811999932],[-71.14416368499991,-30.050982137999938],[-71.14524928199995,-30.046565651999913],[-71.14276177799991,-30.03227725399995],[-71.14531619499991,-30.027676564999922],[-71.14453635399991,-30.020456021999905],[-71.14718453499995,-30.01780288099991],[-71.1493547529999,-30.01286560099993],[-71.15672765699992,-30.008552599999916],[-71.15737287199994,-30.006236568999952],[-71.16395011999992,-30.003026421999948],[-71.16976827999991,-29.99560334699993],[-71.1746362849999,-29.996055097999943],[-71.18288233999994,-30.00025189899992],[-71.19627841899995,-29.99758216999993],[-71.20063351999994,-29.999325177999935],[-71.2083313999999,-29.99711732199995],[-71.21128942799993,-29.995239953999942],[-71.21365969399994,-29.986649860999933],[-71.21871122199991,-29.981684352999935],[-71.22249257199991,-29.979601222999918],[-71.23253981199991,-29.979289551999955],[-71.23268923199993,-29.975549997999906],[-71.23385096099992,-29.975513403999912],[-71.23311566799993,-29.974100973999953],[-71.23776939999993,-29.971606778999956],[-71.2350873819999,-29.969363765999958],[-71.2348304599999,-29.966642579999927],[-71.23678980999995,-29.96592527699994],[-71.2379646309999,-29.96046931199993],[-71.2409227359999,-29.957887027999902],[-71.24083443399991,-29.95538767699992],[-71.24330474899995,-29.95214752399994],[-71.24704471699994,-29.952444167999943],[-71.24796690099993,-29.950756396999907],[-71.24873386099995,-29.95229923799991],[-71.25497703799994,-29.954885274999924],[-71.2634979899999,-29.951235263999934],[-71.26591664099993,-29.951748783999903],[-71.26852401199994,-29.949549248999915],[-71.27617357399993,-29.949327069999924],[-71.28138790999992,-29.950896735999947],[-71.28420837499993,-29.949168485999905],[-71.2881558389999,-29.949277019999954],[-71.28409114099992,-29.944162236999944],[-71.2879084459999,-29.941600486999903],[-71.29788515899992,-29.950826999999947],[-71.31024820999994,-29.957173846999922],[-71.32438224099991,-29.960575186999904],[-71.33468252999995,-29.95855316299992],[-71.33524840199993,-29.93503773799995],[-71.33742584899994,-29.93290510299994]]]}},{"type":"Feature","properties":{"cut":4103,"comuna":"ANDACOLLO"},"geometry":{"type":"Polygon","coordinates":[[[-71.1266393809999,-30.109261430999936],[-71.14251356699992,-30.116270646999908],[-71.14795057299995,-30.123947706999957],[-71.16193040999991,-30.132232648999945],[-71.1668209959999,-30.132388153999955],[-71.1704695059999,-30.13451688099991],[-71.17749351999993,-30.133082077999916],[-71.18207701099993,-30.136109227999953],[-71.1855100489999,-30.136489630999904],[-71.1891862409999,-30.136312326999928],[-71.1935299989999,-30.13202999999993],[-71.20723995599991,-30.144493009999906],[-71.21306737299994,-30.144985737999946],[-71.21418639199993,-30.14613866199994],[-71.20503506999995,-30.153187804999902],[-71.20483052199995,-30.155728789999955],[-71.20802546999994,-30.16031180999994],[-71.2104614669999,-30.16720333199993],[-71.20938222699994,-30.169711313999926],[-71.21034034599995,-30.17219850099991],[-71.20788628699995,-30.174413898999944],[-71.20720384999993,-30.179017958999907],[-71.20476656999995,-30.182030501999918],[-71.2045833279999,-30.185574327999916],[-71.1992062029999,-30.18989999599995],[-71.19778348999995,-30.193257118999952],[-71.19318295199992,-30.195300748999955],[-71.18792127499995,-30.203570751999905],[-71.1881583999999,-30.205899084999942],[-71.18582586699995,-30.21021813099992],[-71.18242964099994,-30.212033833999953],[-71.18279060799995,-30.213872624999908],[-71.1809213439999,-30.216258239999945],[-71.18258079899994,-30.22471609699994],[-71.18633023399991,-30.227751090999902],[-71.18257194499995,-30.232982798999956],[-71.18239172999995,-30.240635617999942],[-71.18493262399994,-30.24211029299994],[-71.18541999999991,-30.24535999999995],[-71.18166307999991,-30.24721504899992],[-71.1806540739999,-30.251004019999925],[-71.1908748269999,-30.254720067999926],[-71.19303319799991,-30.259640950999938],[-71.19513219999993,-30.26083262499992],[-71.20580269599992,-30.257698933999905],[-71.21224000599994,-30.258000070999913],[-71.21260068899994,-30.260127509999904],[-71.21095704599992,-30.262794501999906],[-71.21140238899994,-30.266508098999907],[-71.20756999999992,-30.268639999999948],[-71.21029472399994,-30.27232052799991],[-71.20927918699994,-30.27370497699991],[-71.2105196519999,-30.276445980999938],[-71.21008202399992,-30.279164145999914],[-71.21232999999995,-30.280269999999916],[-71.2135921329999,-30.284905237999908],[-71.21209502599993,-30.287727021999956],[-71.21753281199994,-30.293521080999938],[-71.21558205399992,-30.298344195999903],[-71.21755668999992,-30.30471539599995],[-71.22114489199993,-30.308407307999914],[-71.22113889199994,-30.312015732999953],[-71.21239811999993,-30.31505624899995],[-71.20858728499991,-30.322824043999958],[-71.20725832099993,-30.33965255699991],[-71.20541917399993,-30.34241396999994],[-71.20881786899992,-30.34611561899993],[-71.2073614169999,-30.349473409999916],[-71.20879077899991,-30.354009273999907],[-71.20526233599992,-30.356845715999953],[-71.20329207099991,-30.360605204999956],[-71.1970893539999,-30.363505654999926],[-71.18720998799995,-30.365250001999925],[-71.16577904099995,-30.38022223699994],[-71.16312694899995,-30.383846320999908],[-71.16463687799995,-30.38824720699995],[-71.16336780799992,-30.391355280999903],[-71.16372904099995,-30.39726057799993],[-71.16145105499993,-30.402790731999914],[-71.15829999899995,-30.40405999999996],[-71.09082999799995,-30.38981999999993],[-71.06715435799993,-30.388521151999953],[-71.0656835609999,-30.38701250099996],[-71.06748875099993,-30.383373268999947],[-71.07969800199993,-30.37244213699995],[-71.07877597999993,-30.36631340699995],[-71.07226287499992,-30.36529823999996],[-71.06932147599991,-30.360225332999903],[-71.06581636599992,-30.358661485999903],[-71.06288668299993,-30.35997524599992],[-71.05822185799991,-30.355154786999947],[-71.05767547399995,-30.35004835399991],[-71.05249595599992,-30.346025123999937],[-71.05224811799991,-30.341874726999947],[-71.04981857899992,-30.338367486999914],[-71.0497340739999,-30.335482004999903],[-71.0439352109999,-30.327936263999902],[-71.04536972799991,-30.325080020999906],[-71.04045422399992,-30.32714713699994],[-71.03245402699991,-30.32628840399991],[-71.0310500619999,-30.324505950999935],[-71.03138842699991,-30.31847894899994],[-71.01978227799992,-30.312468555999942],[-71.01880835599991,-30.30731130399994],[-71.01546717999992,-30.30198558099994],[-71.01276687899991,-30.300099788999944],[-71.01185668099993,-30.291934416999936],[-71.00787766999991,-30.28576137899995],[-70.99103188499993,-30.280219299999942],[-70.9457300919999,-30.313450021999927],[-70.90614989799991,-30.289631156999917],[-70.9189874619999,-30.25967879299992],[-70.93196401299991,-30.234467624999922],[-70.9326278499999,-30.23873107199995],[-70.93700999999993,-30.240009999999927],[-70.94487298399991,-30.23639817299994],[-70.9511219819999,-30.235299333999933],[-70.9553662909999,-30.24081143199993],[-70.9583040999999,-30.239775163999923],[-70.96282957099993,-30.240762959999927],[-70.9654016309999,-30.23815774199994],[-70.96856427999995,-30.242986432999942],[-70.97386366299992,-30.243741177999937],[-70.97719003599991,-30.241927287999943],[-70.97889868899995,-30.245478540999954],[-70.98150626899991,-30.24650366299994],[-70.9869131179999,-30.246227786999953],[-70.99306999999993,-30.248959999999954],[-70.99847661099994,-30.245875934999958],[-71.00295896299991,-30.246835915999952],[-71.00859658799993,-30.24959134799991],[-71.00808199799991,-30.254416714999934],[-71.00896174899992,-30.25539107399993],[-71.01846833999991,-30.25766263199995],[-71.02271999899995,-30.250539999999944],[-71.02433855099991,-30.240361374999907],[-71.02299999999991,-30.23323999999991],[-71.02493576699993,-30.224174364999953],[-71.02794815499993,-30.221092050999914],[-71.0284749779999,-30.217989530999944],[-71.03554304799991,-30.215647119999915],[-71.03703239099991,-30.21141095799993],[-71.03226923499994,-30.203988056999947],[-71.02864535099991,-30.20329089699993],[-71.02561220399991,-30.20050053999995],[-71.02139176499992,-30.199762772999918],[-71.0171381259999,-30.19524535599993],[-71.0182899639999,-30.18865995099992],[-71.02205857399991,-30.185336093999922],[-71.0215566679999,-30.18136984499995],[-71.02881501099995,-30.174969752999914],[-71.03201177799991,-30.16749104099995],[-71.03833880999991,-30.16384291199995],[-71.03872999299995,-30.16038610299995],[-71.05032243699992,-30.159082268999953],[-71.05465586399993,-30.155676529999937],[-71.06386629499991,-30.152049689999956],[-71.06974366499992,-30.145412053999905],[-71.07188376199991,-30.14160280899995],[-71.07146841499991,-30.13741890299991],[-71.07482945599992,-30.133712448999916],[-71.07701190299991,-30.137078694999957],[-71.07928274199992,-30.137005828999918],[-71.0819821099999,-30.13619253099995],[-71.08786359599992,-30.130559958999925],[-71.09570880299992,-30.130819173999953],[-71.10213371799995,-30.129569904999926],[-71.1138133039999,-30.119864829999926],[-71.12033667199995,-30.116115022999907],[-71.1266393809999,-30.109261430999936]]]}},{"type":"Feature","properties":{"cut":4104,"comuna":"LA HIGUERA"},"geometry":{"type":"MultiPolygon","coordinates":[[[[-71.3323186579999,-29.54176392399995],[-71.33521789299994,-29.540246872999944],[-71.33732813899991,-29.540876166999908],[-71.34092190399991,-29.543045356999926],[-71.34028185999995,-29.54668857999991],[-71.33425722899995,-29.546528045999935],[-71.3323186579999,-29.54176392399995]]],[[[-71.33472513499993,-29.48617330099995],[-71.33270751399994,-29.487041733999945],[-71.3324268209999,-29.484328623999943],[-71.33472513499993,-29.48617330099995]]],[[[-71.35624705099991,-29.410215277999953],[-71.35841430499994,-29.410710638999944],[-71.3596509059999,-29.413171142999943],[-71.35747912099993,-29.414709046999917],[-71.35501294399995,-29.411737136999932],[-71.35624705099991,-29.410215277999953]]],[[[-71.47722443099991,-29.256319461999908],[-71.48291671599992,-29.25709788499995],[-71.48459257099995,-29.259782097999903],[-71.48636763899992,-29.26447615199993],[-71.4843534339999,-29.265081952999935],[-71.48353652299994,-29.266991580999957],[-71.47866982799991,-29.26480863499995],[-71.4772954149999,-29.26063026399993],[-71.47868305499992,-29.257681671999933],[-71.47722443099991,-29.256319461999908]]],[[[-71.5387696009999,-29.253838990999952],[-71.5397821759999,-29.25204280899993],[-71.54602926899992,-29.25851055299995],[-71.54407905399995,-29.262507532999905],[-71.54474923799995,-29.263532322999936],[-71.54351834399995,-29.264015584999925],[-71.54478847899992,-29.26572368999996],[-71.54366719799992,-29.268667627999946],[-71.54682654399994,-29.273858298999926],[-71.54582465199991,-29.276177549999943],[-71.5494697659999,-29.279347298999937],[-71.5499108699999,-29.282099386999903],[-71.54796410199992,-29.286330905999932],[-71.54640358099994,-29.286640004999924],[-71.54414323599991,-29.284310105999907],[-71.54187921599993,-29.285435278999955],[-71.54054738499991,-29.283908737999923],[-71.54087291199994,-29.27291501299993],[-71.53806467599992,-29.269151931999943],[-71.5395329179999,-29.267347183999902],[-71.5380547279999,-29.264957335999952],[-71.53957905399994,-29.262628313999926],[-71.53837211299992,-29.26081071199991],[-71.53695686399993,-29.261919828999908],[-71.5361612609999,-29.261186025999905],[-71.53709338999994,-29.25857947599991],[-71.53543351399992,-29.256995875999905],[-71.53629138999992,-29.253876524999953],[-71.5387696009999,-29.253838990999952]]],[[[-70.5998188499999,-29.042308964999904],[-70.60111393299991,-29.040619569999933],[-70.60982218099991,-29.037289363999946],[-70.61728424899991,-29.040258837999943],[-70.62978937999992,-29.04242679899994],[-70.64110753499995,-29.04057439299993],[-70.64592473099992,-29.04366026999992],[-70.64634734299995,-29.05426721799995],[-70.65325452699994,-29.05615404799994],[-70.65703590699991,-29.054388369999913],[-70.66002578399991,-29.05078248399991],[-70.6810276729999,-29.049108908999926],[-70.68327626399991,-29.047600824999904],[-70.7169309649999,-29.056306668999923],[-70.71769675899992,-29.05826404499993],[-70.72365494399992,-29.057154446999903],[-70.72802785599993,-29.062124423999933],[-70.72844639099992,-29.067433991999906],[-70.7210503629999,-29.07252367399991],[-70.71945807999992,-29.078215488999945],[-70.71536890599992,-29.083745225999905],[-70.72442265399991,-29.089056892999906],[-70.72698807499995,-29.089190823999957],[-70.72639678599995,-29.094409605999942],[-70.73169908999995,-29.104903425999908],[-70.74760255199993,-29.104710625999928],[-70.75281703399992,-29.108861086999923],[-70.75370752099991,-29.111705403999906],[-70.7559640039999,-29.11187889799993],[-70.75900670399994,-29.11009746299993],[-70.77116906599991,-29.118473595999944],[-70.78368999699995,-29.119805466999935],[-70.79216296099992,-29.127930868999954],[-70.80040229499991,-29.138256027999944],[-70.80424240499991,-29.139120248999916],[-70.82072546899991,-29.13825688199995],[-70.8440822579999,-29.144024694999928],[-70.8673676649999,-29.14468142599992],[-70.87054920799994,-29.141829252999912],[-70.90701354799995,-29.13035205099993],[-70.92588893599992,-29.151209644999938],[-70.96699305599992,-29.16919506499994],[-70.97462158699994,-29.17735226399992],[-70.97162700399991,-29.193150381999942],[-70.9847965049999,-29.23081097399995],[-70.98424478699991,-29.234838821999915],[-70.98717674699992,-29.23972171999992],[-70.98998826499991,-29.249744802999942],[-70.9893729069999,-29.25195551899992],[-70.99048934399991,-29.254966032999903],[-70.9874672549999,-29.25765919199995],[-70.98652107099991,-29.260858297999903],[-70.9877015639999,-29.267161183999917],[-70.99181456699995,-29.271660925999925],[-70.99330676299991,-29.276186124999924],[-71.00704774299993,-29.283279724999943],[-71.0071254799999,-29.28866960499994],[-71.0042792129999,-29.29339061199994],[-71.0059416599999,-29.30313719399993],[-71.0103623039999,-29.307933902999935],[-71.00987769399995,-29.312998388999915],[-71.00753047299992,-29.315708925999957],[-71.00810491599992,-29.31854241499991],[-71.01092946999995,-29.320317943999953],[-71.01242321399991,-29.323705976999918],[-71.01655533999991,-29.32597594099991],[-71.02043620899991,-29.335368392999953],[-71.05981090299991,-29.35660060799995],[-71.0938944639999,-29.355614146999926],[-71.09423448599995,-29.35080892399992],[-71.08594884099995,-29.345692268999926],[-71.08384286499995,-29.342716223999957],[-71.0835093579999,-29.338787673999946],[-71.08572289199992,-29.331580285999905],[-71.08499123799993,-29.322600903999955],[-71.0909235709999,-29.313242087999924],[-71.08411744699993,-29.30753809999993],[-71.0918724249999,-29.30411910899994],[-71.09711267499995,-29.30335570199992],[-71.10092718599992,-29.300047668999923],[-71.10159247799993,-29.297524464999924],[-71.1036701669999,-29.29691882399993],[-71.12303783699991,-29.297762608999903],[-71.1298508079999,-29.300847990999955],[-71.13215463199992,-29.299196227999914],[-71.14703400899992,-29.295980431999908],[-71.1546924349999,-29.297760747999916],[-71.16318960599995,-29.292399492999948],[-71.17063376399994,-29.28497974299995],[-71.1768918759999,-29.285599650999927],[-71.18277349699991,-29.283378929999913],[-71.19415987299993,-29.240102618999913],[-71.20008978499993,-29.185569285999918],[-71.20668830299991,-29.18592565499995],[-71.22929946799991,-29.18357055799993],[-71.24284481399991,-29.176040834999924],[-71.25599402899991,-29.179100597999934],[-71.25805392599995,-29.178926316999934],[-71.2587098859999,-29.177056656999923],[-71.26459129699992,-29.177015540999946],[-71.27514989999992,-29.18452910399992],[-71.28189702199995,-29.186094661999903],[-71.2838150689999,-29.181729843999904],[-71.28823320599992,-29.180467996999937],[-71.2912596459999,-29.176292326999942],[-71.3009223599999,-29.171025534999956],[-71.3043230959999,-29.166812915999913],[-71.31074172599995,-29.16328381799991],[-71.3145139099999,-29.158337717999927],[-71.31934746499991,-29.15571043999995],[-71.32530515999991,-29.15570100599996],[-71.32806407999993,-29.153257137999958],[-71.35164541199993,-29.14148791799994],[-71.35724835499991,-29.143309566999903],[-71.36487906399992,-29.148679372999936],[-71.3703105159999,-29.144848493999916],[-71.3763314919999,-29.151365367999915],[-71.38138400999992,-29.16043753899993],[-71.38638026899991,-29.163456967999934],[-71.3872568029999,-29.171734096999955],[-71.3892722139999,-29.17695894499991],[-71.39411801199992,-29.18008167499994],[-71.39955311299991,-29.179441777999955],[-71.40724521599992,-29.181328011999938],[-71.40963895199991,-29.18387077999995],[-71.41421691599993,-29.184619536999946],[-71.41715448499991,-29.187403210999946],[-71.42656926599994,-29.18572242999994],[-71.43373405499995,-29.18657608399991],[-71.44135076599991,-29.183490846999916],[-71.49151162699991,-29.180949161999933],[-71.49795392899995,-29.179716706999955],[-71.49833836899995,-29.184986059999915],[-71.49532461099994,-29.187295239999912],[-71.49684297499994,-29.189654798999925],[-71.4916228859999,-29.193789547999927],[-71.49330889899994,-29.194416290999925],[-71.49382959999991,-29.19712090099995],[-71.49153796699994,-29.199367282999958],[-71.49198779199992,-29.202337866999926],[-71.48823495999994,-29.201930131999916],[-71.48667244599994,-29.20353837899995],[-71.4876357899999,-29.206153082999947],[-71.4829961879999,-29.20737631599991],[-71.48581376899995,-29.210399148999954],[-71.4827452369999,-29.208876576999955],[-71.47954100599992,-29.21009346799991],[-71.47440098399994,-29.215490418999934],[-71.46918794099992,-29.21764266999992],[-71.46471236799994,-29.224468181999953],[-71.46531637599992,-29.22758237399995],[-71.46361383099992,-29.233994683999924],[-71.46417584299991,-29.237670154999932],[-71.46645560099995,-29.239845143999958],[-71.46436882499995,-29.242495453999936],[-71.46665061499993,-29.245668193999904],[-71.46964718099991,-29.24708856399991],[-71.46937490599993,-29.249229502999924],[-71.46516630699995,-29.249080454999955],[-71.46180569099994,-29.25081322299991],[-71.45992242099993,-29.256278051999914],[-71.45707586599991,-29.257227705999924],[-71.45573331799994,-29.255818065999904],[-71.45336412299991,-29.257072598999912],[-71.45088843099995,-29.255250631999957],[-71.45137875799992,-29.25689374399991],[-71.4466802629999,-29.25580821099993],[-71.44581762299993,-29.256620467999937],[-71.44540066199994,-29.255424319999918],[-71.43947370799992,-29.25368128899993],[-71.4057492629999,-29.273996806999946],[-71.3783066659999,-29.294538617999933],[-71.35211447799992,-29.31664044599995],[-71.34028312899994,-29.328687815999956],[-71.32738478399995,-29.346648667999943],[-71.32924504599993,-29.351175300999955],[-71.33091444399992,-29.351747280999916],[-71.33018402699992,-29.35232850999995],[-71.3318407619999,-29.35250124299995],[-71.33707750299993,-29.357709813999918],[-71.33607575199994,-29.35739319499993],[-71.33657282799993,-29.360069813999928],[-71.32934043199992,-29.362547529999915],[-71.3286377899999,-29.365197400999932],[-71.3339965429999,-29.37585784299995],[-71.33166106099992,-29.37947824999992],[-71.33119426099995,-29.384105177999913],[-71.33480912899995,-29.38741567099993],[-71.33531168899992,-29.39313930499992],[-71.34058073299991,-29.401325242999917],[-71.33553453299993,-29.40348281999991],[-71.32861951799993,-29.400286021999932],[-71.32534012899993,-29.402307450999956],[-71.32484042999994,-29.404911115999937],[-71.32874937899993,-29.410672631999944],[-71.32814713099992,-29.41529890299995],[-71.3268245079999,-29.416786716999923],[-71.32495787599993,-29.41653840099991],[-71.32618211699992,-29.420227763999947],[-71.3250039909999,-29.422231757999953],[-71.32311462199993,-29.42191247699992],[-71.32189267299992,-29.417935641999918],[-71.31968847099995,-29.415718383999945],[-71.31813376699995,-29.416487641999936],[-71.31230296599995,-29.415258300999938],[-71.30880989899993,-29.41795184399996],[-71.30817519399994,-29.41957049699994],[-71.30996968599993,-29.424616646999937],[-71.3080731949999,-29.425960303999943],[-71.30895208499993,-29.428264553999952],[-71.30690035599991,-29.430807676999905],[-71.30613659099993,-29.434747514999913],[-71.30779077099993,-29.439950513999918],[-71.30606383199995,-29.441895304999946],[-71.30616923199995,-29.445404051999958],[-71.30367947199994,-29.448461935999944],[-71.30483154899991,-29.45077829999991],[-71.30795596699994,-29.449650015999907],[-71.30966065299992,-29.45086165799995],[-71.3119986179999,-29.449506928999938],[-71.31397847599993,-29.449816274999932],[-71.3146774729999,-29.45192413199993],[-71.31494030199991,-29.44916126299995],[-71.31678082199994,-29.44820600199995],[-71.31628553699994,-29.45105270399995],[-71.31096996399992,-29.455835372999957],[-71.31252549999994,-29.458384275999947],[-71.30962837999994,-29.461472227999934],[-71.3131835069999,-29.464286736999952],[-71.31625152299995,-29.463063750999936],[-71.31836001499994,-29.46381641499994],[-71.31613376899992,-29.465576274999933],[-71.31682047499993,-29.468567660999952],[-71.31299969199995,-29.470093082999938],[-71.31438037499993,-29.471812944999954],[-71.30874360099995,-29.473968226999943],[-71.30851941499992,-29.476326375999918],[-71.31102835199994,-29.47989902799992],[-71.31321115199995,-29.478715344999955],[-71.31618763299991,-29.480831400999932],[-71.31477818699994,-29.48301013999992],[-71.3176178619999,-29.485576488999925],[-71.31665835599995,-29.488143426999954],[-71.3254285239999,-29.492274875999954],[-71.33440663899995,-29.489384516999905],[-71.3365014659999,-29.491281144999903],[-71.3351517989999,-29.495767083999908],[-71.33656569099992,-29.49663126699994],[-71.33485052799995,-29.49825138999995],[-71.3350958289999,-29.50042405499994],[-71.33359989899992,-29.501949130999947],[-71.33153971899992,-29.501312812999913],[-71.32867597899991,-29.506611190999934],[-71.33066194999992,-29.507357629999944],[-71.33038364499993,-29.51056528299995],[-71.33166794699991,-29.510884689999955],[-71.32925210699995,-29.51448986799994],[-71.32982912599994,-29.51764161999995],[-71.33140038999994,-29.51853727999992],[-71.32994120799992,-29.52111027199993],[-71.33089341099992,-29.522569580999914],[-71.32945945999995,-29.523119024999914],[-71.32971625399995,-29.528351787999952],[-71.32721062699994,-29.53048149199992],[-71.32768396699993,-29.534644774999947],[-71.32588394499993,-29.538283692999926],[-71.32795153299992,-29.542054314999916],[-71.32830740299994,-29.55080900799993],[-71.33468812699994,-29.554704829999935],[-71.32679456999995,-29.55716372899991],[-71.32639956999992,-29.560193392999906],[-71.3235606099999,-29.563263779999943],[-71.32520465499994,-29.568030853999915],[-71.32386532699991,-29.568150618999937],[-71.32347470699995,-29.571101514999953],[-71.31942228999992,-29.576093018999927],[-71.31892854799992,-29.57881149499991],[-71.30936592699993,-29.585478509999916],[-71.30984654999992,-29.587957486999926],[-71.31135512599991,-29.588657930999943],[-71.31097968899991,-29.590205451999907],[-71.30555515999993,-29.591428526999948],[-71.29850655699994,-29.59891203099994],[-71.29514881799992,-29.59861456899995],[-71.28854740999992,-29.608282898999903],[-71.2871806469999,-29.61939945799992],[-71.28805636599992,-29.621880114999954],[-71.29564205699995,-29.623100741999906],[-71.2977459629999,-29.626995498999918],[-71.30177809299994,-29.628131579999945],[-71.3009178399999,-29.629938490999905],[-71.30188063799994,-29.63232761699993],[-71.30053410399995,-29.634443698999917],[-71.30346251199995,-29.636342937999927],[-71.30303857199993,-29.638942863999944],[-71.30647087599993,-29.640093919999913],[-71.30595099999994,-29.641708759999915],[-71.30733245199991,-29.644688818999953],[-71.31335498999994,-29.643817037999952],[-71.31544426199991,-29.64151621499991],[-71.31734359399991,-29.641338684999937],[-71.31846001499991,-29.643006142999923],[-71.31794177899991,-29.645135206999953],[-71.32030334399991,-29.64697031199995],[-71.3173590589999,-29.648239693999926],[-71.31349515499994,-29.647955364999916],[-71.31244974299995,-29.649110290999943],[-71.31402609499992,-29.651807205999944],[-71.30992201599992,-29.651427735999903],[-71.30675549499995,-29.654044937999913],[-71.30382858699994,-29.662990862999948],[-71.29713630299995,-29.67312071899994],[-71.29773402799992,-29.679032841999913],[-71.29544595399994,-29.68596028199994],[-71.2874516569999,-29.692778889999943],[-71.28002656299992,-29.69380907799996],[-71.2756379459999,-29.690921051999908],[-71.27361112799991,-29.680707582999958],[-71.26975853699992,-29.675031538999917],[-71.26970121099993,-29.671157828999924],[-71.26750099599991,-29.66995506099994],[-71.25937160199993,-29.671893723999915],[-71.24739619899992,-29.667528037999944],[-71.24040633899995,-29.66845835299995],[-71.23590703999992,-29.666954971999928],[-71.23038554499993,-29.667026102999955],[-71.2220094839999,-29.66109081499991],[-71.2169009189999,-29.653729057999954],[-71.21361518299994,-29.65208925199994],[-71.20287742699992,-29.65605139899992],[-71.19310581899992,-29.65332778699991],[-71.1881201189999,-29.654180290999932],[-71.18454249699994,-29.651641060999907],[-71.18232198599992,-29.646381899999938],[-71.17697573899994,-29.642473185999904],[-71.16732489799995,-29.63976239999994],[-71.16313894299992,-29.630592462999914],[-71.16060863899992,-29.629564633999905],[-71.15372895699994,-29.62995622899996],[-71.1515216489999,-29.627100567999946],[-71.14534101599992,-29.625283559999957],[-71.14733794999995,-29.621137278999925],[-71.14073287999992,-29.615569301999926],[-71.1311522659999,-29.615064980999932],[-71.12489978999992,-29.612157828999955],[-71.12154296199992,-29.61494385499992],[-71.11691374399993,-29.616113980999955],[-71.1092432929999,-29.613101043999905],[-71.10205264899992,-29.614406087999953],[-71.09823533199994,-29.611448666999934],[-71.09679700299995,-29.60596347099994],[-71.0937351099999,-29.602912761999903],[-71.08207293599992,-29.59615831499991],[-71.07446027899994,-29.58578935199995],[-71.07224956499994,-29.579341495999927],[-71.06583770099991,-29.57989196199992],[-71.06190258799995,-29.581708531999936],[-71.04022224999994,-29.57643622799992],[-71.03386274699994,-29.57095355699994],[-71.0322055339999,-29.56621518499992],[-71.02953633499993,-29.563095399999952],[-71.0204394349999,-29.563367762999917],[-71.01598511199995,-29.578322243999935],[-71.00991848299992,-29.57988035799991],[-71.00822252899991,-29.582766095999943],[-71.00392401199991,-29.58510016999992],[-71.00066592499991,-29.590030524999918],[-71.00056120599993,-29.59236411799992],[-70.99230750899994,-29.600892698999928],[-70.98653585599993,-29.59889056199995],[-70.98134542199995,-29.60010498099996],[-70.97361623899991,-29.59846080299991],[-70.9677019849999,-29.598859906999905],[-70.96521172599995,-29.596483316999922],[-70.9639867109999,-29.593000757999903],[-70.96573938799992,-29.58822450899993],[-70.96509140199993,-29.58558951799995],[-70.95551033499993,-29.58904158999991],[-70.94991488599993,-29.586211627999944],[-70.94670811899994,-29.582586266999954],[-70.93915094599993,-29.581997635999926],[-70.93717276199993,-29.578525787999922],[-70.93716216099995,-29.570892899999933],[-70.93005644999994,-29.57041733199992],[-70.92712135599993,-29.56664954599995],[-70.92005535999994,-29.561730844999943],[-70.91829592499994,-29.55743896799993],[-70.91315762799991,-29.55425592599994],[-70.90360853499993,-29.552845744999956],[-70.89765144799992,-29.54755348799995],[-70.89461275299993,-29.54837732099992],[-70.89175923699992,-29.54709616799994],[-70.89014228699995,-29.54518382099991],[-70.88990140899995,-29.538736033999953],[-70.88472017999993,-29.53659906999991],[-70.88168500899991,-29.538193992999936],[-70.87883319299993,-29.546296905999952],[-70.87393985299991,-29.548774317999914],[-70.86701135499993,-29.559514178999905],[-70.86226709499994,-29.558448434999946],[-70.8549221749999,-29.554251877999945],[-70.85052107399991,-29.55389370799992],[-70.8442058899999,-29.562408371999936],[-70.84406291699992,-29.571469659999934],[-70.83664957699995,-29.57428826799992],[-70.8289461839999,-29.584658033999915],[-70.82080701299992,-29.584914290999905],[-70.81576876899993,-29.588257684999917],[-70.81563267699994,-29.599399105999908],[-70.8120494559999,-29.603585040999917],[-70.81119123499991,-29.606745717999956],[-70.80448554799995,-29.60782508299991],[-70.80106872599993,-29.61233780799995],[-70.80219654399991,-29.616119986999934],[-70.79663966099992,-29.621235722999927],[-70.79178879299991,-29.619790310999917],[-70.78867728099993,-29.62274187299994],[-70.78533473999994,-29.62348166499993],[-70.77509071599991,-29.62246873899994],[-70.77057324299994,-29.62019218899991],[-70.76516926099993,-29.630766863999952],[-70.7621240869999,-29.62996371899993],[-70.75942804099992,-29.626832472999922],[-70.75381964299993,-29.625305183999956],[-70.74060717899994,-29.625921356999925],[-70.7277377069999,-29.62329249599992],[-70.71963282599995,-29.627052138999943],[-70.71747003599995,-29.629396147999955],[-70.71116303999992,-29.62972873399991],[-70.70577690099992,-29.636745853999912],[-70.70544192099993,-29.642475272999945],[-70.70125058499991,-29.644549088999952],[-70.7000721249999,-29.65102588299993],[-70.69428573699992,-29.658638707999955],[-70.69658909099991,-29.66870164599993],[-70.6962610619999,-29.67477366399993],[-70.69085056599994,-29.681694614999913],[-70.69056628699991,-29.684307072999957],[-70.68506646999992,-29.688884139999914],[-70.68251163899993,-29.683907077999947],[-70.67678750199991,-29.683503190999943],[-70.67411013999993,-29.686856483999918],[-70.6682840439999,-29.68615955899992],[-70.65897700799991,-29.68968265099994],[-70.65434991799992,-29.688400590999947],[-70.6465658159999,-29.696590150999953],[-70.63984302699993,-29.691924034999943],[-70.6254827759999,-29.69009789799992],[-70.61957696099995,-29.694176521999907],[-70.60830999899991,-29.69828859599994],[-70.60675672499991,-29.702205389999904],[-70.60290325799991,-29.704995134999933],[-70.59854359499991,-29.711526483999933],[-70.59772783799991,-29.71559676299995],[-70.59547358599991,-29.717876323999917],[-70.59467544799992,-29.717388573999926],[-70.59132327599991,-29.71353539899991],[-70.59076156999993,-29.709846828999957],[-70.58712281299995,-29.705021746999932],[-70.5829059109999,-29.702411406999943],[-70.58268567199991,-29.70008604499992],[-70.57272755399993,-29.696019792999948],[-70.57522179999995,-29.689829862999943],[-70.57423034699991,-29.68516759499994],[-70.57494453099991,-29.68221751899995],[-70.57844240899993,-29.677474228999927],[-70.57669629799994,-29.670877610999923],[-70.58937360699991,-29.662129928999946],[-70.58923343999993,-29.657860043999904],[-70.58474886699992,-29.655906053999956],[-70.5828900109999,-29.65155647699993],[-70.57839710799993,-29.64904291499994],[-70.57461220899995,-29.64481989099994],[-70.57365473199991,-29.63638993099994],[-70.57755213899992,-29.633131319999904],[-70.57941427499992,-29.628917818999923],[-70.57980999299991,-29.618969387999925],[-70.5763780229999,-29.61375410799991],[-70.56881774899995,-29.608650764999936],[-70.5622004999999,-29.605142035999904],[-70.55728498699995,-29.604816317999905],[-70.55536559199993,-29.59938416999995],[-70.55088410499991,-29.594613588999948],[-70.55249034899992,-29.591418560999955],[-70.55064900699995,-29.58504245799992],[-70.5535262219999,-29.58228516099996],[-70.5437797589999,-29.57417440599994],[-70.54298626499991,-29.571453478999956],[-70.55222042999992,-29.567518580999945],[-70.55484411999993,-29.56130681199994],[-70.5485005349999,-29.551712246999955],[-70.54852185699991,-29.54318929799996],[-70.54428807399995,-29.539714886999946],[-70.54384421099991,-29.53703103299995],[-70.53822099599995,-29.53156932199994],[-70.5371029879999,-29.52757579899992],[-70.53205893899991,-29.521541692999904],[-70.53729251099992,-29.51347428899993],[-70.53320026499995,-29.50924887599996],[-70.53352920599991,-29.50435880799995],[-70.5301294379999,-29.50261129799992],[-70.52942590299995,-29.499361869999916],[-70.52618349099993,-29.498032038999952],[-70.52453874399993,-29.49580402199996],[-70.5243584179999,-29.490477636999913],[-70.52698224799991,-29.48414904899994],[-70.52637331099993,-29.47710857499993],[-70.53544949899992,-29.474757262999958],[-70.54102789599995,-29.46746936799991],[-70.53628475799991,-29.463382356999944],[-70.53125769099995,-29.46379221199993],[-70.5296455589999,-29.45698435399993],[-70.52663275799995,-29.454092068999955],[-70.52896896499993,-29.44877895099995],[-70.52824434999991,-29.442111385999908],[-70.52989017199991,-29.43638951799994],[-70.53669896699995,-29.43073900199994],[-70.54265617599992,-29.42335367299995],[-70.5451437239999,-29.422367033999933],[-70.5429234309999,-29.416418653999926],[-70.54529232099992,-29.41339533599995],[-70.5447120899999,-29.40827209799994],[-70.54672952299995,-29.401382015999957],[-70.5394105279999,-29.397762178999926],[-70.54000595199994,-29.39310357399995],[-70.53723005799992,-29.389129081999954],[-70.52721678299991,-29.383298620999938],[-70.52594676399991,-29.379465643999936],[-70.52809389099991,-29.376888136999924],[-70.5225445339999,-29.36352120199996],[-70.51764281599992,-29.363744007999912],[-70.51260683799995,-29.36141892899991],[-70.50933758699995,-29.35705684699991],[-70.4955902669999,-29.356719890999955],[-70.49188961699991,-29.357990083999937],[-70.49000145499991,-29.361001437999903],[-70.4858782359999,-29.362052129999938],[-70.48306816999991,-29.360496325999918],[-70.47426703499991,-29.360357892999957],[-70.47030998899993,-29.358040287999927],[-70.4692040029999,-29.35302043699994],[-70.46350651299991,-29.349373730999957],[-70.4604567529999,-29.34264982199994],[-70.45691636599992,-29.338317823999944],[-70.4517618129999,-29.335843592999936],[-70.44706368699991,-29.335463302999926],[-70.44431600399992,-29.33143864999994],[-70.4495431279999,-29.323992003999933],[-70.45570170699995,-29.320963239999912],[-70.45690693299991,-29.313416348999908],[-70.46187758699995,-29.31111914099995],[-70.4610564809999,-29.29953995799991],[-70.46575287499991,-29.29531905099992],[-70.4704098059999,-29.29523910499995],[-70.47885841899995,-29.288532237999902],[-70.47310015099993,-29.28270114199995],[-70.47410712499993,-29.27630647199993],[-70.46089404999992,-29.265475387999913],[-70.46179424999991,-29.263279835999924],[-70.4656718569999,-29.261274828999944],[-70.46791536499995,-29.257281407999926],[-70.46694794399991,-29.24074188499992],[-70.46589048699991,-29.23841765499992],[-70.46758978699995,-29.23410875299993],[-70.47108409299994,-29.23341010599995],[-70.4765597359999,-29.229385882999907],[-70.47914077999991,-29.224346639999908],[-70.48546109299991,-29.226003142999957],[-70.4895251069999,-29.218870990999903],[-70.49329707699991,-29.216038444999924],[-70.49152904699991,-29.21345830699994],[-70.49294322599991,-29.209759122999913],[-70.48954722099995,-29.205048354999917],[-70.48936983099992,-29.202979989999903],[-70.49294297199992,-29.193850083999905],[-70.49145537099992,-29.186588118999907],[-70.49213073699991,-29.182310505999908],[-70.4901835789999,-29.176355492999903],[-70.49102945499993,-29.174690140999928],[-70.49438517899995,-29.173809882999933],[-70.4956319069999,-29.170819839999922],[-70.49330085499992,-29.16638166799993],[-70.49307808799995,-29.16117592599994],[-70.49664550799992,-29.15623358499994],[-70.50505121599991,-29.149669397999958],[-70.50931942999995,-29.14134396199995],[-70.5157067959999,-29.134201408999957],[-70.51743338199992,-29.13592787099992],[-70.52005445199995,-29.135898165999947],[-70.5261520649999,-29.13078024799995],[-70.53228117799995,-29.128507285999945],[-70.5297426859999,-29.118234586999904],[-70.52764723099995,-29.115169601999924],[-70.52865348199992,-29.113168361999954],[-70.5266100799999,-29.10846547199992],[-70.53595713299995,-29.10790426299991],[-70.53630771999991,-29.105906835999917],[-70.5398021439999,-29.102576494999937],[-70.53983166899991,-29.099616429999912],[-70.5421867359999,-29.09783381199992],[-70.5412178329999,-29.091031892999922],[-70.5424959639999,-29.083705702999907],[-70.5377508119999,-29.078659934999905],[-70.53596763299993,-29.07402611099991],[-70.5370951399999,-29.06739413899993],[-70.53437973399991,-29.061633866999955],[-70.53950810599991,-29.057219080999914],[-70.5423276869999,-29.049208321999913],[-70.55039202799992,-29.04472067699993],[-70.55367145199995,-29.044204489999913],[-70.55623962199991,-29.045244107999906],[-70.55859221599991,-29.047630773999913],[-70.56999434699992,-29.053476387999922],[-70.58348667399991,-29.053259255999933],[-70.59685542799991,-29.051652537999928],[-70.59922693699991,-29.048935146999952],[-70.5998188499999,-29.042308964999904]]]]}},{"type":"Feature","properties":{"cut":4106,"comuna":"VICUÑA"},"geometry":{"type":"Polygon","coordinates":[[[-70.50933758699995,-29.35705684699991],[-70.51260683799995,-29.36141892899991],[-70.51764281599992,-29.363744007999912],[-70.52166526499991,-29.363188330999947],[-70.52337992499992,-29.364192958999922],[-70.5245302429999,-29.36968883599991],[-70.52809389099991,-29.376888136999924],[-70.52594676399991,-29.379465643999936],[-70.52721678299991,-29.383298620999938],[-70.53723005799992,-29.389129081999954],[-70.54000595199994,-29.39310357399995],[-70.5394105279999,-29.397762178999926],[-70.54672952299995,-29.401382015999957],[-70.5447120899999,-29.40827209799994],[-70.54529232099992,-29.41339533599995],[-70.5429234309999,-29.416418653999926],[-70.5451437239999,-29.422367033999933],[-70.54265617599992,-29.42335367299995],[-70.53669896699995,-29.43073900199994],[-70.52989017199991,-29.43638951799994],[-70.52824434999991,-29.442111385999908],[-70.52896896499993,-29.44877895099995],[-70.52663275799995,-29.454092068999955],[-70.5296455589999,-29.45698435399993],[-70.53125769099995,-29.46379221199993],[-70.53628475799991,-29.463382356999944],[-70.54102789599995,-29.46746936799991],[-70.53544949899992,-29.474757262999958],[-70.52637331099993,-29.47710857499993],[-70.52698224799991,-29.48414904899994],[-70.5243584179999,-29.490477636999913],[-70.52453874399993,-29.49580402199996],[-70.52618349099993,-29.498032038999952],[-70.52942590299995,-29.499361869999916],[-70.5301294379999,-29.50261129799992],[-70.53352920599991,-29.50435880799995],[-70.53320026499995,-29.50924887599996],[-70.53729251099992,-29.51347428899993],[-70.53205893899991,-29.521541692999904],[-70.5371029879999,-29.52757579899992],[-70.53822099599995,-29.53156932199994],[-70.54384421099991,-29.53703103299995],[-70.54428807399995,-29.539714886999946],[-70.54852185699991,-29.54318929799996],[-70.5485005349999,-29.551712246999955],[-70.55484411999993,-29.56130681199994],[-70.55222042999992,-29.567518580999945],[-70.54298626499991,-29.571453478999956],[-70.5437797589999,-29.57417440599994],[-70.5535262219999,-29.58228516099996],[-70.55064900699995,-29.58504245799992],[-70.55249034899992,-29.591418560999955],[-70.55088410499991,-29.594613588999948],[-70.55536559199993,-29.59938416999995],[-70.55728498699995,-29.604816317999905],[-70.5622004999999,-29.605142035999904],[-70.56881774899995,-29.608650764999936],[-70.5763780229999,-29.61375410799991],[-70.57980999299991,-29.618969387999925],[-70.57941427499992,-29.628917818999923],[-70.57755213899992,-29.633131319999904],[-70.57365473199991,-29.63638993099994],[-70.57461220899995,-29.64481989099994],[-70.57839710799993,-29.64904291499994],[-70.5828900109999,-29.65155647699993],[-70.58474886699992,-29.655906053999956],[-70.58940067099991,-29.65847613299991],[-70.58937360699991,-29.662129928999946],[-70.57669629799994,-29.670877610999923],[-70.57844240899993,-29.677474228999927],[-70.57494453099991,-29.68221751899995],[-70.57423034699991,-29.68516759499994],[-70.57522179999995,-29.689829862999943],[-70.57296216499992,-29.696325413999944],[-70.58268567199991,-29.70008604499992],[-70.5829059109999,-29.702411406999943],[-70.58712281299995,-29.705021746999932],[-70.59076156999993,-29.709846828999957],[-70.59132327599991,-29.71353539899991],[-70.59547358599991,-29.717876323999917],[-70.59772783799991,-29.71559676299995],[-70.59854359499991,-29.711526483999933],[-70.60290325799991,-29.704995134999933],[-70.60675672499991,-29.702205389999904],[-70.60830999899991,-29.69828859599994],[-70.61957696099995,-29.694176521999907],[-70.62248491199995,-29.691285103999917],[-70.62805579299993,-29.689845232999915],[-70.6358863399999,-29.692108306999955],[-70.63984302699993,-29.691924034999943],[-70.6465658159999,-29.696590150999953],[-70.65434991799992,-29.688400590999947],[-70.65897700799991,-29.68968265099994],[-70.6682840439999,-29.68615955899992],[-70.67411013999993,-29.686856483999918],[-70.67678750199991,-29.683503190999943],[-70.68251163899993,-29.683907077999947],[-70.68506646999992,-29.688884139999914],[-70.70104391899991,-29.690741679999917],[-70.70790515899995,-29.69406857699994],[-70.7201050999999,-29.69089704299995],[-70.72810468499995,-29.69192936199994],[-70.73720547899995,-29.684012709999934],[-70.7389542649999,-29.691250946999958],[-70.74090525399993,-29.692960344999904],[-70.7491029979999,-29.69506030699995],[-70.76023945599991,-29.694022843999903],[-70.77928641199992,-29.69530338499993],[-70.78265132599995,-29.69745066799993],[-70.78602981299991,-29.703039857999954],[-70.78852144099994,-29.70427392499994],[-70.79187268099992,-29.703876731999912],[-70.79266772499994,-29.70812469899994],[-70.7955029709999,-29.710179552999932],[-70.8014252879999,-29.710482571999933],[-70.80475974299992,-29.713407865999955],[-70.81340436999994,-29.71497022999995],[-70.82357946999991,-29.719422984999937],[-70.82569770599991,-29.721771249999904],[-70.82620369699993,-29.727628972999923],[-70.83590733799991,-29.729100746999904],[-70.84025518699991,-29.733012824999946],[-70.84551826699993,-29.73240831599992],[-70.84681547899993,-29.733402637999916],[-70.85161723199991,-29.751736999999935],[-70.84997404399991,-29.755166815999928],[-70.85056784299991,-29.75867969299992],[-70.84925055699995,-29.762297604999958],[-70.8544951369999,-29.763922537999917],[-70.8601416379999,-29.768601215999922],[-70.86542529099995,-29.768320615999926],[-70.86347552799992,-29.77322791599994],[-70.86396081099991,-29.77714584599994],[-70.8750586509999,-29.783410589999903],[-70.8783876839999,-29.791156480999916],[-70.8854660959999,-29.792914310999947],[-70.8900075059999,-29.798145578999936],[-70.88970254399993,-29.805963302999942],[-70.89269771399995,-29.81150075499994],[-70.89709648899992,-29.815172909999944],[-70.9004261149999,-29.832844860999955],[-70.9185587579999,-29.842755259999933],[-70.92421632999992,-29.83976326599992],[-70.93090871299995,-29.841763233999927],[-70.9381163779999,-29.841594478999923],[-70.94263285699992,-29.845127951999928],[-70.9484581129999,-29.84737193199993],[-70.95943514699991,-29.846172043999957],[-70.96581850399991,-29.84860563099994],[-70.96730298199992,-29.852034467999943],[-70.97358085499991,-29.855694281999945],[-70.9805910309999,-29.857086603999903],[-70.98592281099991,-29.862234758999932],[-70.9770017909999,-29.876734316999944],[-70.98709139099992,-29.880027984999913],[-70.98820909499995,-29.88291486399993],[-70.9918327979999,-29.88498938999993],[-70.9925839149999,-29.888446996999903],[-70.9942355089999,-29.888570901999913],[-70.99778444099991,-29.89351724499994],[-70.9965554549999,-29.89555489199995],[-70.99279367999992,-29.897492863999958],[-70.99148803999992,-29.902838689999953],[-70.98622322299991,-29.90209845699991],[-70.98230372899991,-29.90656918199994],[-70.98199425599995,-29.908721064999952],[-70.98501441099995,-29.911161186999948],[-70.9794474759999,-29.92021933399991],[-70.9830687779999,-29.923537023999927],[-70.98146664399991,-29.93139846999992],[-70.9868212689999,-29.93422113999992],[-70.9950249979999,-29.947323319999953],[-70.99372827299993,-29.953789094999934],[-70.99869384199991,-29.958274408999955],[-71.00171044599995,-29.959130789999904],[-71.00265954899993,-29.96199433599992],[-71.00903182399992,-29.96641272499994],[-71.00850441499995,-29.96879802199993],[-71.00379357699995,-29.974052831999927],[-71.00314220299992,-29.977820336999912],[-71.00157824099995,-29.97912071199994],[-70.99902415999992,-29.978517735999958],[-71.00013422799992,-29.998439135999945],[-71.01089915799992,-30.006436529999917],[-71.0157022539999,-30.01623285499994],[-71.0143998389999,-30.019112699999937],[-71.01161830599995,-30.01927705299994],[-71.01001178799993,-30.02245922499992],[-71.0077715139999,-30.02382865599992],[-71.00790665699992,-30.03088612399995],[-71.01321396599991,-30.034093422999945],[-71.02148118499991,-30.042640995999932],[-71.02393386499995,-30.05365033399994],[-71.02567997499995,-30.055406278999953],[-71.0252985059999,-30.05942574799991],[-71.0285650109999,-30.063582889999907],[-71.02838451899993,-30.068241951999937],[-71.03012402799993,-30.071142619999932],[-71.0332611899999,-30.072675184999923],[-71.03401633699991,-30.075724068999932],[-71.03712027799992,-30.079244040999924],[-71.03373946699992,-30.088394715999925],[-71.03299739099992,-30.09565055799993],[-71.03807855999992,-30.097137069999917],[-71.04130340499995,-30.10430469599993],[-71.04113128199992,-30.106530753999948],[-71.0443896829999,-30.10922262799994],[-71.0448165759999,-30.112662216999922],[-71.04795522699993,-30.117566133999958],[-71.05132965799993,-30.11895690399996],[-71.05286471199992,-30.127774004999935],[-71.05710388999995,-30.13107266499992],[-71.0653265649999,-30.132547518999957],[-71.06897974199995,-30.134841932999905],[-71.07482945599992,-30.133712448999916],[-71.07146841499991,-30.13741890299991],[-71.07188376199991,-30.14160280899995],[-71.06974366499992,-30.145412053999905],[-71.06386629499991,-30.152049689999956],[-71.05465586399993,-30.155676529999937],[-71.05032243699992,-30.159082268999953],[-71.03872999299995,-30.16038610299995],[-71.03833880999991,-30.16384291199995],[-71.03201177799991,-30.16749104099995],[-71.02881501099995,-30.174969752999914],[-71.0213626229999,-30.18178331599995],[-71.02205857399991,-30.185336093999922],[-71.0182899639999,-30.18865995099992],[-71.0171381259999,-30.19524535599993],[-71.02139176499992,-30.199762772999918],[-71.02561220399991,-30.20050053999995],[-71.02864535099991,-30.20329089699993],[-71.03226923499994,-30.203988056999947],[-71.0370551549999,-30.210467861999916],[-71.03554304799991,-30.215647119999915],[-71.0284749779999,-30.217989530999944],[-71.02794815499993,-30.221092050999914],[-71.02493576699993,-30.224174364999953],[-71.02299999999991,-30.23323999999991],[-71.02421001399995,-30.23591495799991],[-71.02340277099995,-30.23876302599996],[-71.0242072389999,-30.24171017799995],[-71.02270578699995,-30.250605640999936],[-71.01984013599991,-30.256125873999906],[-71.0178028819999,-30.257835273999945],[-71.00931802499991,-30.25558407999995],[-71.00808199799991,-30.254416714999934],[-71.00882243299992,-30.250652418999948],[-71.0073791289999,-30.248310918999948],[-70.99960354199993,-30.245980523999947],[-70.99306999999993,-30.248959999999954],[-70.9869131179999,-30.246227786999953],[-70.98150626899991,-30.24650366299994],[-70.97889868899995,-30.245478540999954],[-70.97719003599991,-30.241927287999943],[-70.97386366299992,-30.243741177999937],[-70.96856427999995,-30.242986432999942],[-70.9654016309999,-30.23815774199994],[-70.96282957099993,-30.240762959999927],[-70.9583040999999,-30.239775163999923],[-70.95521820399995,-30.24077755499991],[-70.9511219819999,-30.235299333999933],[-70.94487298399991,-30.23639817299994],[-70.93730455699995,-30.239985975999957],[-70.9328192399999,-30.238854552999953],[-70.93128113699993,-30.224330291999934],[-70.92584000399995,-30.21810318999991],[-70.91036886699993,-30.220238424999934],[-70.90809351099995,-30.21506059099994],[-70.9054799889999,-30.213980002999904],[-70.90419327199993,-30.214671353999904],[-70.90409413099991,-30.218456112999945],[-70.90154304499993,-30.22527666499991],[-70.9031262439999,-30.22856541099992],[-70.9009495599999,-30.229550326999913],[-70.90145676399993,-30.23264354999992],[-70.89519783599991,-30.23197529999993],[-70.89311025899991,-30.235392994999927],[-70.88774052899993,-30.239658707999922],[-70.87303532599992,-30.23986285099994],[-70.86680461399993,-30.24219501999994],[-70.8595933759999,-30.24294782399994],[-70.85648326199993,-30.241532955999958],[-70.84339999999992,-30.240809999999954],[-70.8431940609999,-30.246754861999932],[-70.8390848219999,-30.246140489999902],[-70.83032078499991,-30.248739778999948],[-70.8275890399999,-30.25613984599994],[-70.82327671799993,-30.254523003999907],[-70.82148807199991,-30.249191957999926],[-70.81842087399991,-30.247840568999948],[-70.81704758799992,-30.245753361999903],[-70.80931798899991,-30.245173768999905],[-70.80575985799993,-30.23864014199995],[-70.80031350899992,-30.23893519899991],[-70.79694269999993,-30.24216324999992],[-70.79409163399993,-30.23828715499991],[-70.7917715179999,-30.24123789899994],[-70.7912802589999,-30.246067681999932],[-70.78760250899995,-30.246275811999908],[-70.7769049229999,-30.241053222999938],[-70.77475068399991,-30.235195500999907],[-70.76395117299995,-30.240552604999948],[-70.75445615899991,-30.24197382199992],[-70.75029576999992,-30.245142122999937],[-70.74347407199991,-30.244954640999936],[-70.7365994079999,-30.24080013899993],[-70.73890006599993,-30.243866788999924],[-70.7358887229999,-30.24793597599995],[-70.73021435899994,-30.247010720999924],[-70.72649093399991,-30.250493084999903],[-70.71900172799991,-30.250170172999958],[-70.71090496999994,-30.247466648999932],[-70.70622431699991,-30.241996400999938],[-70.68876024499991,-30.23363681299992],[-70.68668999899995,-30.22601999999995],[-70.68249610799995,-30.225721265999937],[-70.6737917499999,-30.21948550099995],[-70.6640999999999,-30.21637999999996],[-70.65417455099993,-30.218205232999935],[-70.64563525299991,-30.221690598999942],[-70.6346867979999,-30.22015504399991],[-70.63177883999992,-30.218986635999954],[-70.62979999799995,-30.21625999899993],[-70.62254486499995,-30.222682893999945],[-70.61512062699995,-30.22326367699992],[-70.6049437339999,-30.23129359199993],[-70.58805746999991,-30.232761189999906],[-70.58440386399991,-30.235177075999957],[-70.5794364809999,-30.231406972999935],[-70.5759765119999,-30.225263657999903],[-70.57716961699992,-30.214228217999903],[-70.57410358299995,-30.208346500999937],[-70.57409111699991,-30.202346361999957],[-70.5767666129999,-30.193857885999932],[-70.57085332399993,-30.192835826999953],[-70.56572942799994,-30.193459940999958],[-70.56306874499995,-30.18525399999993],[-70.55596971099993,-30.184809879999932],[-70.55139770099993,-30.183488956999952],[-70.5504704029999,-30.182137329999932],[-70.5543510299999,-30.17283984499994],[-70.5550234129999,-30.167525319999925],[-70.55103156399991,-30.15951077899996],[-70.55403795399991,-30.154990919999932],[-70.55554770799995,-30.14644964699994],[-70.55824185699993,-30.145342783999922],[-70.56340569399993,-30.139279390999945],[-70.56564664799993,-30.13103749699991],[-70.56554379999994,-30.12451980399993],[-70.5640838189999,-30.113881765999906],[-70.55865919399992,-30.10379071099993],[-70.55493209299993,-30.100099448999913],[-70.55321629899993,-30.094372225999905],[-70.5477641519999,-30.08848923399995],[-70.54581032499993,-30.081203131999928],[-70.54878090699992,-30.070234027999902],[-70.5535136229999,-30.064557030999936],[-70.55566015099993,-30.064058248999913],[-70.55997352599991,-30.05958144199991],[-70.56170756699993,-30.052035817999922],[-70.56681328299993,-30.039839376999907],[-70.56414632999991,-30.017647820999912],[-70.55591276599995,-30.011602780999908],[-70.5551593969999,-30.007531720999907],[-70.55650141299992,-30.002863217999902],[-70.55518999999993,-29.997359999999958],[-70.54385941299995,-29.98658174399992],[-70.54783938799994,-29.984497914999906],[-70.54768403399993,-29.983370814999944],[-70.54477321899992,-29.983050213999945],[-70.54484200199994,-29.981467723999913],[-70.5400209309999,-29.98008503199992],[-70.5382305789999,-29.977737421999905],[-70.5275433729999,-29.97540899699993],[-70.51766999999995,-29.980919999999912],[-70.51319998199995,-29.981471863999957],[-70.50908946299995,-29.983747817999927],[-70.50218902599994,-29.983777560999954],[-70.49186811399994,-29.98776315899994],[-70.48585997499993,-29.988685199999907],[-70.4777103209999,-29.98636522499993],[-70.47585631299995,-29.983481721999908],[-70.4694754969999,-29.98026348399992],[-70.45948347799992,-29.967919266999957],[-70.45928931599991,-29.964266878999922],[-70.4546126699999,-29.96540282099994],[-70.44344158299992,-29.963873178999904],[-70.43457140499993,-29.968120746999944],[-70.43382069199993,-29.97306259699991],[-70.4310094139999,-29.975933381999937],[-70.43059768699993,-29.979139457999906],[-70.42827152299992,-29.98076610699991],[-70.42732155199991,-29.983497361999923],[-70.4107940479999,-29.98400959199995],[-70.40791284799991,-29.978220992999923],[-70.40164585499991,-29.975562985999943],[-70.39932687599992,-29.97241429099995],[-70.38661211199991,-29.978840841999954],[-70.38122498299992,-29.97875382399991],[-70.3762590739999,-29.983740326999907],[-70.37045259599995,-29.982591585999955],[-70.36511574199994,-29.98308255799992],[-70.36209255799992,-29.982055191999905],[-70.35524223199991,-29.97559046899994],[-70.35455995799992,-29.970822119999923],[-70.35720368499994,-29.967197772999953],[-70.35137343199995,-29.964768588999902],[-70.34194939499992,-29.969355693999944],[-70.34086409899993,-29.97706205199995],[-70.34347458799994,-29.98449325999991],[-70.34252015899995,-29.990859946999933],[-70.34367523399993,-29.994462014999954],[-70.34010319299995,-29.997701712999913],[-70.3404266519999,-30.005088535999903],[-70.3374277819999,-30.009621685999946],[-70.33851980199995,-30.016630737999947],[-70.33652251699993,-30.021122094999953],[-70.3322582799999,-30.023985126999946],[-70.32745255099991,-30.029736443999923],[-70.3230050759999,-30.026072649999946],[-70.30630748499993,-30.02635227399992],[-70.30374063199991,-30.035189057999958],[-70.2939989429999,-30.036850796999943],[-70.29056193699995,-30.039772042999914],[-70.29431340399992,-30.049548099999924],[-70.3082117109999,-30.059313688999907],[-70.30776935699993,-30.065192272999923],[-70.31154702899994,-30.069373039999903],[-70.31109836799993,-30.07475991499996],[-70.31375951199993,-30.080396592999932],[-70.31377692399991,-30.086923631999923],[-70.31086502499994,-30.09184906799993],[-70.31300586099991,-30.09656819299994],[-70.31323393299994,-30.10054841999994],[-70.31819043399992,-30.10648697399995],[-70.3195151349999,-30.112907581999934],[-70.29882510899995,-30.115468535999923],[-70.2985520549999,-30.123031070999957],[-70.29408865399995,-30.130985681999903],[-70.2908533069999,-30.133420747999935],[-70.29027295499992,-30.139654195999924],[-70.28229427299993,-30.142777505999902],[-70.28048679099993,-30.147923085999935],[-70.2761427399999,-30.148630388999948],[-70.27547417699992,-30.156477023999912],[-70.2675188689999,-30.163024858999904],[-70.26883979399992,-30.17193285399992],[-70.27484895799995,-30.178205045999903],[-70.27390112599994,-30.183409706999953],[-70.27061597999995,-30.185922957999935],[-70.27020819799992,-30.19296738999992],[-70.26312757399995,-30.194409451999945],[-70.25411335099994,-30.19228174999995],[-70.24752909199992,-30.198483881999948],[-70.24345122299991,-30.195469353999954],[-70.24080299199994,-30.195506862999935],[-70.22433312599992,-30.202390375999926],[-70.22751695099993,-30.20847653599992],[-70.22711430899994,-30.214828174999923],[-70.22336352999992,-30.21746644399991],[-70.22129196299994,-30.223188459999903],[-70.20439846099993,-30.23895190299993],[-70.20781718599994,-30.24652729199994],[-70.20666648899993,-30.253741350999917],[-70.21268806599994,-30.258612073999927],[-70.20946519899991,-30.264846391999924],[-70.20217040199992,-30.266630548999956],[-70.20075821499995,-30.277810993999935],[-70.19217378299993,-30.28856062199992],[-70.19371334099992,-30.291085412999905],[-70.19973245999995,-30.29357854199992],[-70.19645776199991,-30.297207302999936],[-70.19388203299991,-30.306491139999935],[-70.19000134599992,-30.30946885399993],[-70.18110268299995,-30.311641918999953],[-70.1757535619999,-30.319146350999915],[-70.1768570719999,-30.32243325199994],[-70.17380342599995,-30.325501653999936],[-70.16742926699993,-30.32821517499991],[-70.15880616399994,-30.348001135999937],[-70.15506288899991,-30.347649557999944],[-70.15324686199995,-30.344823333999955],[-70.14750130899995,-30.34093611299994],[-70.13839273299993,-30.34070768299995],[-70.13025497699994,-30.342649325999957],[-70.10472812099994,-30.35325696299992],[-70.10344325799991,-30.35577728599992],[-70.10327188999992,-30.367619387999923],[-70.09671908399991,-30.369554370999936],[-70.09230733699991,-30.37338719999991],[-70.07968999799994,-30.37400999999994],[-70.08153788899995,-30.37704680999991],[-70.08096809799991,-30.379721198999903],[-70.07591284799992,-30.381444055999907],[-70.07104446599993,-30.38953898199992],[-70.06711835899995,-30.39299395799992],[-70.06156469599995,-30.394421636999937],[-70.05109982899995,-30.38833973599992],[-70.03019864499993,-30.392123073999926],[-70.02090446799991,-30.39730554399995],[-70.01246689999994,-30.390995215999908],[-70.00345826099993,-30.38803992399994],[-70.00363999699994,-30.385139997999943],[-70.00028881299994,-30.38414236299991],[-69.99434968499992,-30.37905983099995],[-69.98876661899993,-30.37843321699995],[-69.9666971229999,-30.384917251999923],[-69.95907999399992,-30.38326999599991],[-69.9553455599999,-30.385855577999905],[-69.94549459199993,-30.378031903999954],[-69.94388131499994,-30.373377684999923],[-69.93493131899993,-30.358564719999947],[-69.9196536469999,-30.350406366999948],[-69.91484000199995,-30.350289997999937],[-69.90806090899991,-30.353347382999914],[-69.90284988999991,-30.353518701999917],[-69.89883812099993,-30.355203359999905],[-69.89611125699992,-30.354089770999906],[-69.89181395199995,-30.350292147999937],[-69.89385552699991,-30.347922206999954],[-69.9028784379999,-30.343110940999907],[-69.9049200199999,-30.34014137099996],[-69.90612792999991,-30.33050537099996],[-69.90417480499991,-30.325500485999953],[-69.90679931599993,-30.32287597699991],[-69.90759277299992,-30.31628417999991],[-69.90570068399995,-30.309814452999944],[-69.90069580099993,-30.307495110999923],[-69.9014282199999,-30.305603024999925],[-69.89941405999991,-30.299377440999933],[-69.9022827089999,-30.29772948899995],[-69.90270996099991,-30.295593254999915],[-69.89788818399995,-30.29321289099994],[-69.89501953099995,-30.288085937999938],[-69.89550780999991,-30.28387450899993],[-69.89819335899995,-30.281188964999956],[-69.89581298799993,-30.277526854999905],[-69.89550780999991,-30.272399901999904],[-69.89208984399994,-30.272094723999942],[-69.89007568399995,-30.274291991999917],[-69.88372802499993,-30.272399901999904],[-69.88439941399992,-30.267700194999918],[-69.88031005899995,-30.26177978499993],[-69.8790893549999,-30.257812499999943],[-69.88720703099995,-30.247009276999904],[-69.88531494099993,-30.24340819699995],[-69.88732910199991,-30.240417473999912],[-69.88751220099994,-30.237487786999907],[-69.88439941399992,-30.236022948999903],[-69.8858032199999,-30.232604977999927],[-69.88531494099993,-30.230590814999914],[-69.88732910199991,-30.228881835999914],[-69.88751220099994,-30.224304198999903],[-69.88537597699991,-30.218505858999947],[-69.87780761399995,-30.213989254999944],[-69.86840820299994,-30.210998531999905],[-69.8630981419999,-30.21301269299994],[-69.86120605499991,-30.215209960999914],[-69.85839843799994,-30.213989254999944],[-69.85418700899993,-30.218078612999932],[-69.8475952149999,-30.21771239599991],[-69.84130859099992,-30.219909664999932],[-69.8355102509999,-30.21917724599996],[-69.83239745799995,-30.213806146999957],[-69.83251952899991,-30.20910644299994],[-69.83050536799993,-30.206604003999928],[-69.82897949199992,-30.196899413999915],[-69.8261108399999,-30.195312496999918],[-69.8253784119999,-30.191284176999943],[-69.82067870799995,-30.18939208699993],[-69.8192749019999,-30.18688964799992],[-69.82299804699994,-30.184387203999904],[-69.82281494099993,-30.18310546899994],[-69.81738281299994,-30.179199212999947],[-69.82397460899995,-30.173522945999935],[-69.82171630899995,-30.170898437999938],[-69.82409667999991,-30.169311517999915],[-69.82891845699993,-30.161804198999903],[-69.82128906299994,-30.160888671999942],[-69.81988525399993,-30.157104491999917],[-69.81030273399995,-30.15490722699991],[-69.80908203099995,-30.15362548199994],[-69.81152343199994,-30.15087890399991],[-69.81030273399995,-30.14440917999991],[-69.8121948239999,-30.14318847699991],[-69.81420898399995,-30.13732910199991],[-69.8173217769999,-30.136901852999927],[-69.81951903999993,-30.13342285199991],[-69.81781005899995,-30.130798339999956],[-69.81817626999992,-30.12738037099996],[-69.83178710899995,-30.125183102999927],[-69.8397827149999,-30.12921142299996],[-69.84771728499993,-30.130004879999944],[-69.85089111299993,-30.12829589799992],[-69.8524780269999,-30.125305175999927],[-69.85900878599995,-30.123413085999914],[-69.86059570299994,-30.119995110999923],[-69.87359619099993,-30.110778808999953],[-69.88360595099994,-30.10888671899994],[-69.89221191399992,-30.109374996999918],[-69.89758300499994,-30.106994628999928],[-69.9052123969999,-30.106018065999933],[-69.91070556599993,-30.10888671899994],[-69.91119384199993,-30.11071777299992],[-69.9179077149999,-30.110900878999928],[-69.92309569999992,-30.116210934999913],[-69.92968749999994,-30.119689940999933],[-69.93701171599992,-30.120178219999957],[-69.94348144499992,-30.11657714799992],[-69.94598388399993,-30.11279296899994],[-69.94171141999993,-30.105590819999918],[-69.94360351599994,-30.101684569999918],[-69.94317626999992,-30.096679687999938],[-69.9445190429999,-30.093322753999928],[-69.95520019499992,-30.092529293999917],[-69.95959472399994,-30.090209960999914],[-69.96051024799993,-30.087585445999935],[-69.9638061519999,-30.08831787099996],[-69.96569823899995,-30.085388183999953],[-69.96008300799991,-30.082885741999917],[-69.9581909179999,-30.077209472999925],[-69.95910644499992,-30.074401854999905],[-69.96319580099993,-30.072875973999942],[-69.96179199199992,-30.06842040999993],[-69.95361327499995,-30.06689452899991],[-69.94970702499995,-30.064392089999956],[-69.94750976599994,-30.060119625999903],[-69.94378661499991,-30.057617187999938],[-69.94372557999992,-30.054809569999918],[-69.94201659899994,-30.05279540999993],[-69.93487548199994,-30.051208492999933],[-69.93310546599992,-30.045593261999954],[-69.92388915999993,-30.037475582999946],[-69.92388915999993,-30.032104491999917],[-69.9210815369999,-30.030883788999915],[-69.91998290999993,-30.028320305999955],[-69.91601562499994,-30.027587887999914],[-69.91418456399992,-30.02551269299994],[-69.91711425199992,-30.022521969999957],[-69.91729736099995,-30.019592281999905],[-69.92590331999992,-30.007019042999957],[-69.92639848999994,-29.999999999999943],[-69.92314413899993,-29.996134750999943],[-69.92119524599991,-29.985070701999916],[-69.91090542799992,-29.97670695599993],[-69.9084443079999,-29.97326428899993],[-69.90779339999995,-29.968235869999944],[-69.90208991299994,-29.963762539999948],[-69.89790659199991,-29.957305986999927],[-69.9006740559999,-29.95102460399994],[-69.89584992499994,-29.941210344999945],[-69.8963013959999,-29.935959973999957],[-69.90373205499992,-29.937214371999914],[-69.90670345099994,-29.93937804299992],[-69.90922816099993,-29.935019421999925],[-69.90868583799994,-29.928401678999933],[-69.90472090999992,-29.92236495399993],[-69.9042748729999,-29.918359498999905],[-69.89821423199993,-29.914382636999903],[-69.89647323399993,-29.910858418999908],[-69.88832541199992,-29.904467627999907],[-69.89055485999995,-29.898456232999933],[-69.89550083599994,-29.89523151499992],[-69.89372476699992,-29.892639234999933],[-69.88975479099992,-29.890570319999938],[-69.88813452599993,-29.88588737899994],[-69.89215194099995,-29.884309936999955],[-69.89672581499991,-29.878547460999926],[-69.89408096699992,-29.878406294999934],[-69.89083540099995,-29.874237425999922],[-69.88533712599991,-29.87181136399994],[-69.88155909699992,-29.86565943499994],[-69.8766057599999,-29.86155889899993],[-69.8834769469999,-29.85828638399994],[-69.88485836199993,-29.854754183999944],[-69.88786759299995,-29.852685396999902],[-69.89244253899994,-29.85292751399993],[-69.8983418009999,-29.84885886299992],[-69.90099444599991,-29.839370508999934],[-69.89694118199992,-29.832556610999916],[-69.89927262899994,-29.829522867999913],[-69.89703350499991,-29.82401172099992],[-69.89382147799995,-29.822923663999916],[-69.89277512799993,-29.820675320999953],[-69.8990869939999,-29.81490453799995],[-69.89977100899995,-29.81078042599995],[-69.91363450599994,-29.80657483999994],[-69.91365041799992,-29.800234090999936],[-69.91143589599994,-29.795917540999938],[-69.91168202199992,-29.791369217999943],[-69.90698208399994,-29.78853903299995],[-69.89688086199993,-29.770025930999907],[-69.89385890999995,-29.767039130999933],[-69.89401878099994,-29.759281177999924],[-69.89654112599993,-29.756865500999936],[-69.89752134399993,-29.752961326999923],[-69.89117812399991,-29.74803689999993],[-69.88608992799993,-29.73744847599994],[-69.87849707299995,-29.73227213699994],[-69.8795717619999,-29.728505931999905],[-69.87898717199994,-29.724989844999925],[-69.88453900899992,-29.722713617999943],[-69.88745146999992,-29.719249126999955],[-69.88425447399993,-29.715228490999948],[-69.88480904699992,-29.71142231999994],[-69.88127692499995,-29.707694347999904],[-69.89034604699992,-29.700461741999902],[-69.89335253199994,-29.696349192999946],[-69.89340964299993,-29.693893585999945],[-69.89635056299994,-29.692620717999944],[-69.90526341299994,-29.698152932999903],[-69.90923609599992,-29.697624541999915],[-69.9111371969999,-29.691895897999927],[-69.91418752099992,-29.68889286399991],[-69.9180729059999,-29.687827813999945],[-69.92218565599995,-29.68328641799991],[-69.9209637049999,-29.680437139999924],[-69.92322555299995,-29.675940029999936],[-69.9236509989999,-29.669875781999906],[-69.92958337199991,-29.666009579999923],[-69.93308950999995,-29.66580380499994],[-69.93553505699992,-29.658891204999918],[-69.94007899699994,-29.654231506999906],[-69.9417049139999,-29.645248203999927],[-69.93783386399991,-29.62368869499994],[-69.93921298499993,-29.615690741999913],[-69.9413578679999,-29.611944895999954],[-69.93345722299995,-29.60012895299991],[-69.93497054699992,-29.595177813999953],[-69.93260251499993,-29.58878378199995],[-69.93445860199995,-29.586729944999945],[-69.93165415199991,-29.58374472299994],[-69.93408742199995,-29.579912531999923],[-69.9331440329999,-29.574721905999922],[-69.93471154199995,-29.57178950699995],[-69.93566594399994,-29.563954244999934],[-69.9391116459999,-29.561638667999944],[-69.9392863999999,-29.55904075099994],[-69.94289119599995,-29.555449120999924],[-69.9461992649999,-29.554089761999933],[-69.94712115099992,-29.54566327099991],[-69.95645584199991,-29.534641026999907],[-69.95420962899993,-29.533422741999914],[-69.95409066199994,-29.530215814999906],[-69.94951973999991,-29.529479869999932],[-69.94799069699991,-29.524294506999922],[-69.9506161999999,-29.520357969999907],[-69.94613648299992,-29.518579467999928],[-69.94747323999991,-29.51561036699991],[-69.94653824699992,-29.511893379999947],[-69.94803262699992,-29.511214728999903],[-69.94859953999992,-29.507630537999944],[-69.95229007299992,-29.50357687099995],[-69.95171750599991,-29.499680681999905],[-69.9560503319999,-29.498379075999935],[-69.97569983299991,-29.498946292999904],[-69.98982516599995,-29.49543922299995],[-69.99954470499995,-29.499283298999956],[-70.00192016999995,-29.501811320999934],[-70.00202096599992,-29.506363790999956],[-70.00881055299993,-29.508099469999934],[-70.01090126699995,-29.510090927999954],[-70.01730606599995,-29.512490044999936],[-70.02120134499995,-29.515789411999947],[-70.02117338999994,-29.51858030199992],[-70.02247207599993,-29.519696380999903],[-70.02881012899991,-29.520944899999904],[-70.03370917899991,-29.523795478999943],[-70.0362290509999,-29.52387377699995],[-70.04117923099994,-29.52075067699991],[-70.05328410699991,-29.522075127999926],[-70.0621706359999,-29.52609248199991],[-70.0640070739999,-29.525049658999933],[-70.07467181699991,-29.527754511999944],[-70.07880224899992,-29.531882535999955],[-70.08919367699991,-29.535102481999957],[-70.09388349599993,-29.528699351999933],[-70.09656086399991,-29.527796036999916],[-70.1012050459999,-29.522421164999912],[-70.10365935199991,-29.521617471999946],[-70.1134374099999,-29.525085417999946],[-70.12403707699991,-29.526856619999933],[-70.1283851789999,-29.530246854999916],[-70.13259761699993,-29.53148393799995],[-70.14117496999995,-29.527567348999924],[-70.14622012399991,-29.523215621999952],[-70.15441861699992,-29.52054989599992],[-70.1632547179999,-29.51983641399994],[-70.16772219399991,-29.52378731899995],[-70.17159218299992,-29.524438673999953],[-70.18126998899993,-29.51906557399991],[-70.18540089499993,-29.51809860399993],[-70.19112232799995,-29.519124533999957],[-70.19418562599992,-29.513050766999925],[-70.19753329399992,-29.49788045799994],[-70.2006564909999,-29.494596602999934],[-70.19913011699992,-29.490412290999927],[-70.2005009259999,-29.483324069999924],[-70.20704912999992,-29.479168269999946],[-70.21100777299995,-29.46952015799991],[-70.2166360789999,-29.465014623999934],[-70.22374860499991,-29.46238719699994],[-70.22441599599995,-29.449698071999933],[-70.23028059299992,-29.44564694099995],[-70.2335538879999,-29.445206697999936],[-70.23860686299992,-29.43222058099991],[-70.24693690799995,-29.42886320799994],[-70.24862888399991,-29.423620429999914],[-70.2518136409999,-29.420797717999903],[-70.25392811299992,-29.416627036999955],[-70.26213203999993,-29.41268061799991],[-70.26614845499995,-29.40618572799991],[-70.27570390999995,-29.398100480999915],[-70.2826848489999,-29.396410918999948],[-70.28663977499991,-29.38823332599992],[-70.29726185599992,-29.376856653999937],[-70.30332052299991,-29.373839416999942],[-70.36661429199995,-29.369939665999937],[-70.3698140589999,-29.37780624699991],[-70.37174828499991,-29.374071843999957],[-70.38299624199993,-29.37436458299993],[-70.38243877699995,-29.38205496599994],[-70.38510397099992,-29.386355205999905],[-70.38607155999995,-29.391712425999913],[-70.3908623449999,-29.394899918999954],[-70.39355971599991,-29.39865438399994],[-70.40089131699995,-29.396941781999942],[-70.4087030199999,-29.39902337299992],[-70.41028986799995,-29.39839319099991],[-70.4126823169999,-29.394108134999954],[-70.4190058929999,-29.392711925999947],[-70.42477441499994,-29.39338305499996],[-70.43092399999995,-29.390693194999926],[-70.4341138609999,-29.390624833999937],[-70.43874475299992,-29.387882798999954],[-70.44276209799995,-29.388555002999908],[-70.44905033299995,-29.384721224999907],[-70.45920424999991,-29.38188426699992],[-70.46667351999992,-29.362804136999955],[-70.47219174899993,-29.362402560999953],[-70.47426703499991,-29.360357892999957],[-70.4779284139999,-29.36002685899996],[-70.48713082199993,-29.361896190999914],[-70.49066766599992,-29.360580420999952],[-70.49059773399995,-29.35903757199992],[-70.49235225899992,-29.357775852999907],[-70.50933758699995,-29.35705684699991]]]}},{"type":"Feature","properties":{"cut":4301,"comuna":"OVALLE"},"geometry":{"type":"Polygon","coordinates":[[[-71.23536118499993,-30.311074703999907],[-71.24164346499992,-30.316400011999917],[-71.24201544699991,-30.318118160999916],[-71.2501799659999,-30.31906122999993],[-71.2601950319999,-30.32600675099991],[-71.26628849199994,-30.327153591999945],[-71.27395801799992,-30.32642809999993],[-71.2821776589999,-30.33092184399993],[-71.28730891999993,-30.330996873999936],[-71.29367445699995,-30.32908754099992],[-71.29511118799991,-30.334257367999953],[-71.29173376299991,-30.338613727999928],[-71.2915816819999,-30.342090218999942],[-71.28909624899995,-30.345110439999928],[-71.29014322899991,-30.34752163999991],[-71.29663400599992,-30.35203339599991],[-71.2966872849999,-30.355883641999924],[-71.29889464999991,-30.36134044399995],[-71.29534104299995,-30.36528593299994],[-71.29276121999993,-30.373744417999944],[-71.28836164199993,-30.38027203699994],[-71.28584825799993,-30.386893829999906],[-71.2855768739999,-30.390256087999944],[-71.28742093299991,-30.39329816399993],[-71.28457178899993,-30.407019617999936],[-71.29298802299991,-30.41023419699991],[-71.30631959599992,-30.40754873399993],[-71.3089002399999,-30.408146168999906],[-71.31360861499991,-30.405438428999958],[-71.3164612189999,-30.40566591499993],[-71.32026870899995,-30.408152952999956],[-71.32317971099991,-30.411865650999914],[-71.3234487869999,-30.417081948999908],[-71.32749148599993,-30.420120898999926],[-71.32536608999993,-30.42605054899991],[-71.33064181399993,-30.43031874299993],[-71.33089601699993,-30.434259407999946],[-71.33467555499993,-30.443187818999945],[-71.33288405999991,-30.447015689999944],[-71.33340363499991,-30.449013419999915],[-71.33711722499993,-30.451640777999955],[-71.33953885999995,-30.45602048099994],[-71.35071202899991,-30.463501323999935],[-71.36002178299992,-30.466026970999906],[-71.36554551299992,-30.472416323999937],[-71.3664468849999,-30.47493913799991],[-71.36520686999995,-30.48049699899991],[-71.3672585619999,-30.483188324999958],[-71.3659754329999,-30.487389049999933],[-71.3691731959999,-30.492780185999948],[-71.37075220399993,-30.50208740399995],[-71.37346501999991,-30.506993034999937],[-71.37930533499991,-30.509685361999914],[-71.38290841899993,-30.507588263999935],[-71.38637533199994,-30.501805559999923],[-71.3917268429999,-30.487181664999923],[-71.39644472499992,-30.479931606999912],[-71.39749050199993,-30.475733729999945],[-71.40323231399992,-30.47783211199993],[-71.40865897099991,-30.484344276999934],[-71.4136258339999,-30.487237112999935],[-71.42307980699991,-30.488607605999903],[-71.42686216699991,-30.491518352999947],[-71.42781348999995,-30.49560627099993],[-71.42979633199991,-30.49642941399992],[-71.43446499999993,-30.49531727199991],[-71.44260057499991,-30.495662221999908],[-71.44739883499994,-30.49390683699994],[-71.45270826199993,-30.48399744799991],[-71.4526413829999,-30.479240364999953],[-71.4618700609999,-30.466621465999935],[-71.48010393399994,-30.47138767599995],[-71.48187719799995,-30.469402532999936],[-71.48074913499994,-30.467967168999905],[-71.48193535199994,-30.465240727999912],[-71.48073574699993,-30.456064063999918],[-71.48529675899994,-30.44636801899992],[-71.48405038899995,-30.444011572999955],[-71.48500071699993,-30.437502174999906],[-71.48437437399991,-30.428552767999918],[-71.48307675899991,-30.42625062299993],[-71.48417206099992,-30.422745467999903],[-71.48226733599995,-30.420932169999958],[-71.48150013199995,-30.417386130999944],[-71.49495303599991,-30.411538625999924],[-71.5061145009999,-30.40836576299995],[-71.52142567099992,-30.409704475999945],[-71.54467600899994,-30.409243170999957],[-71.55547440999993,-30.410593605999907],[-71.56360440399993,-30.40462147599993],[-71.6038193949999,-30.38325722099995],[-71.60574810199995,-30.37515311599992],[-71.60636266099993,-30.360006648999956],[-71.6114728519999,-30.348055297999906],[-71.6153991779999,-30.348744604999922],[-71.62167115699992,-30.346242693999955],[-71.62583332399993,-30.345976144999952],[-71.64042528899995,-30.34841105499993],[-71.64176851799994,-30.34258803599994],[-71.65165352799994,-30.34113810799994],[-71.66006447599995,-30.34499044599994],[-71.66448478399991,-30.344256402999918],[-71.67252580199994,-30.345793160999904],[-71.67375120199995,-30.351202212999908],[-71.67498758599993,-30.35185785899995],[-71.67876055199991,-30.346612510999933],[-71.6807690039999,-30.347184445999915],[-71.67954468199991,-30.34932926999994],[-71.68128147899995,-30.351566491999904],[-71.68151903599994,-30.35524598199993],[-71.6787086949999,-30.357084942999904],[-71.67996751299995,-30.359160610999936],[-71.67267214199995,-30.359639284999957],[-71.66969850599992,-30.364629134999916],[-71.67054439299994,-30.366451775999906],[-71.67499661799991,-30.367091225999957],[-71.67322756499993,-30.369613673999936],[-71.67724889599992,-30.37257838799991],[-71.67944005599992,-30.378269685999953],[-71.6787904009999,-30.38114662299995],[-71.68003394899995,-30.38268593999993],[-71.67797647399993,-30.384676310999907],[-71.6810312259999,-30.38527653199992],[-71.68310292299992,-30.389283599999942],[-71.68034812199994,-30.390314263999926],[-71.68260964699994,-30.392491046999908],[-71.68057897699993,-30.39465227699992],[-71.6845002309999,-30.397029425999904],[-71.6875657459999,-30.40148946499994],[-71.68643186999992,-30.403397817999917],[-71.68832553499993,-30.403354315999934],[-71.68858119499993,-30.40748434099993],[-71.68992531599991,-30.408516394999936],[-71.6886111259999,-30.409797140999956],[-71.6842552789999,-30.409990531999938],[-71.68428021999995,-30.411893066999937],[-71.68188220099995,-30.412911935999944],[-71.68177387899993,-30.415430515999958],[-71.68690786899992,-30.43107686199994],[-71.69072809599993,-30.43676585299994],[-71.68863614399993,-30.437530523999953],[-71.68817439399993,-30.44255919199992],[-71.69084727799992,-30.446062113999915],[-71.68913712799991,-30.451305935999926],[-71.69105437699994,-30.452601209999955],[-71.68958478099995,-30.45420085899991],[-71.69141032099992,-30.458109048999916],[-71.6904700149999,-30.460608711999953],[-71.68799568199995,-30.46211633999991],[-71.69290920999993,-30.47244100499995],[-71.69988271599993,-30.477554849999933],[-71.69604076799993,-30.478685106999933],[-71.69747994499994,-30.486853649999944],[-71.69411819299995,-30.488104697999916],[-71.6942295259999,-30.492142935999937],[-71.69038967799992,-30.494855851999944],[-71.68975383199995,-30.497029048999934],[-71.69114540299995,-30.501726298999927],[-71.6898764099999,-30.506988074999924],[-71.69198799399993,-30.50855435199992],[-71.69527141899994,-30.519367910999904],[-71.6934552649999,-30.52187670299992],[-71.69240946299993,-30.52812597199994],[-71.69425797199995,-30.543659057999946],[-71.69646541599991,-30.546715880999955],[-71.70458641199991,-30.549920469999904],[-71.70520777599995,-30.551282945999958],[-71.70538297099995,-30.555107849999956],[-71.70303923099993,-30.55809222599993],[-71.70666481699993,-30.564032494999935],[-71.70607306399995,-30.569532826999932],[-71.70780782799994,-30.571918312999912],[-71.70789889499991,-30.57668742699991],[-71.70988960699992,-30.57835505299994],[-71.7090693049999,-30.57959871299994],[-71.70993715299994,-30.583030365999946],[-71.7087587339999,-30.58478654499993],[-71.71156991999993,-30.58669408399993],[-71.71066719399994,-30.588945078999927],[-71.71197251799993,-30.59372493199993],[-71.71637209399995,-30.59717751599993],[-71.71430960299995,-30.597901512999954],[-71.71385522599991,-30.599412639999912],[-71.71734573999993,-30.60191913099993],[-71.71124169599995,-30.610551363999946],[-71.71008174099995,-30.615955308999958],[-71.71089384099992,-30.618364448999955],[-71.70906506599994,-30.62055808899993],[-71.7090611669999,-30.623908678999953],[-71.71207400599991,-30.626546986999927],[-71.70925619999991,-30.62939709999995],[-71.70987845799993,-30.630434820999938],[-71.70730077799993,-30.636955073999957],[-71.70858920899991,-30.638632783999924],[-71.71151270099995,-30.639063329999942],[-71.71141741499991,-30.64158157399993],[-71.71358566799995,-30.643624161999924],[-71.71571291599992,-30.650118350999946],[-71.71257565699995,-30.652754268999956],[-71.71397637699994,-30.65464150699995],[-71.71195004899994,-30.662128864999943],[-71.70877654299994,-30.662659567999924],[-71.70810351799992,-30.667679050999936],[-71.7058439779999,-30.668605490999937],[-71.70493186899995,-30.672078705999922],[-71.70027314399994,-30.675995155999942],[-71.70226771199992,-30.680413467999927],[-71.70056766399995,-30.683100380999917],[-71.70121181699994,-30.68491329099993],[-71.69907676199995,-30.685841547999928],[-71.69952611899993,-30.690391221999903],[-71.69846725999992,-30.69195094999992],[-71.69934395199994,-30.69368688199995],[-71.6976464089999,-30.69966107399995],[-71.69933891699992,-30.700906551999935],[-71.70339767199994,-30.70095734499995],[-71.70348634099992,-30.702118922999944],[-71.70521271699994,-30.701641023999912],[-71.70702909799991,-30.704385441999932],[-71.70510485199992,-30.706188743999917],[-71.70717460499992,-30.708116181999912],[-71.70782690899995,-30.713662644999943],[-71.71174351499991,-30.713481634999937],[-71.71494626899994,-30.715646791999916],[-71.71364127099991,-30.716652628999952],[-71.71386590399993,-30.71874929799992],[-71.71071268299994,-30.718589756999904],[-71.71176110399995,-30.722491000999923],[-71.70987627099993,-30.72225531899994],[-71.70910792199993,-30.72440881299991],[-71.71008602299992,-30.725308293999944],[-71.7071339179999,-30.72641611599994],[-71.70830616799992,-30.728826708999918],[-71.7014193899999,-30.729006403999904],[-71.69873021899991,-30.732742050999946],[-71.69897903799995,-30.734603760999903],[-71.70135777099995,-30.734712062999904],[-71.70245308799991,-30.73733625099993],[-71.70125574299993,-30.73996311199994],[-71.7049811839999,-30.75019388299995],[-71.70169047899992,-30.753495720999922],[-71.70400138199994,-30.755666151999947],[-71.70309960999992,-30.757010713999932],[-71.70395757599994,-30.75953159499994],[-71.70778960899992,-30.765142415999946],[-71.70414267599995,-30.767396576999943],[-71.70653247199994,-30.772054462999904],[-71.70513308399995,-30.773395904999916],[-71.70549716399995,-30.778506423999943],[-71.70456563999994,-30.779779470999927],[-71.7060615709999,-30.789768015999925],[-71.70348909299992,-30.791183547999935],[-71.70386934999993,-30.793407740999953],[-71.70035022399992,-30.799027650999903],[-71.7026506709999,-30.803191402999914],[-71.70156564099995,-30.80343950699995],[-71.70267173699995,-30.80641514599995],[-71.70228293299994,-30.807338655999956],[-71.70039130499993,-30.80691364899991],[-71.70055464899991,-30.80859673899994],[-71.69969569599994,-30.80834408699991],[-71.69743767099993,-30.813500232999957],[-71.69829034499992,-30.816801348999945],[-71.69553417999992,-30.819577891999927],[-71.69695469999994,-30.826875998999924],[-71.69692959999992,-30.828973366999946],[-71.6960270429999,-30.82880277399994],[-71.69488777399994,-30.83157268599996],[-71.69568790399995,-30.838928799999906],[-71.69345629199995,-30.843673992999925],[-71.68770699899994,-30.849236300999905],[-71.68874221199991,-30.852637389999927],[-71.68736828099992,-30.85246300999995],[-71.68674704199992,-30.856962709999948],[-71.68376774199993,-30.861213724999914],[-71.68379713599995,-30.864752953999925],[-71.68173706099992,-30.869291493999924],[-71.68155154199991,-30.877971320999904],[-71.68497542299991,-30.878233980999937],[-71.68833076599992,-30.882475202999956],[-71.68568520699995,-30.884329392999916],[-71.68096857499995,-30.88435510699992],[-71.6790736929999,-30.886851966999927],[-71.68062049799994,-30.890233482999918],[-71.67901882299992,-30.89233195399993],[-71.67787597199992,-30.897987792999913],[-71.6817480119999,-30.901889277999942],[-71.68204502599991,-30.90608581099991],[-71.68370273199992,-30.908833659999914],[-71.68416432599992,-30.911182450999945],[-71.6821443259999,-30.918010911999943],[-71.68336736799995,-30.921087934999946],[-71.68051741199992,-30.923248421999915],[-71.6810476839999,-30.927728702999957],[-71.67898386999991,-30.930783731999952],[-71.67603168799991,-30.93063296699995],[-71.67272756699992,-30.928279842999927],[-71.67028480199991,-30.930021344999943],[-71.67081659099995,-30.931656260999944],[-71.66816735899994,-30.935507854999912],[-71.66819121799995,-30.93801906199991],[-71.6656034749999,-30.940868266999928],[-71.66567731099991,-30.94665222099991],[-71.66250075399995,-30.949274527999933],[-71.66392738799993,-30.951698191999924],[-71.66262143799992,-30.955797048999955],[-71.66324425199991,-30.95820571899992],[-71.65982700399991,-30.958190464999916],[-71.66080141999993,-30.958639363999907],[-71.66020078499992,-30.961957079999934],[-71.65807748799995,-30.962501337999925],[-71.65367392499991,-30.968751664999957],[-71.6520255289999,-30.96894786799993],[-71.65101450899994,-30.97093921299995],[-71.6519221769999,-30.974221412999952],[-71.64926420699993,-30.975746026999957],[-71.6492527719999,-30.97883516299993],[-71.65228512399995,-30.98383237799993],[-71.65221048199993,-30.98713925499993],[-71.64908314599995,-30.98873213999991],[-71.65070459099991,-30.991273682999918],[-71.65073209399992,-30.99476785199994],[-71.64772507299995,-30.999722206999934],[-71.6492770289999,-31.003748754999947],[-71.64665672599995,-31.006665951999935],[-71.6455554069999,-31.011923872999944],[-71.64755123899994,-31.014602058999913],[-71.65149774899993,-31.016338267999913],[-71.6542906869999,-31.02221960199995],[-71.6602154329999,-31.024839210999914],[-71.66182009699992,-31.028436090999946],[-71.66150247899992,-31.03196440499994],[-71.66464832899993,-31.035141625999927],[-71.66314687499994,-31.036281924999912],[-71.66439588899993,-31.03983649999992],[-71.66328607499992,-31.046754121999925],[-71.66447932599993,-31.053984898999943],[-71.66247662199993,-31.055996828999923],[-71.66196725099991,-31.06158983499995],[-71.66379799999993,-31.068099478999954],[-71.66141536399994,-31.07212587899994],[-71.66301682999995,-31.074545839999928],[-71.66144971799991,-31.074844259999907],[-71.66201859499995,-31.077849210999943],[-71.66086979499994,-31.077909011999907],[-71.65908166699995,-31.08139551499994],[-71.65541787399991,-31.081746133999957],[-71.65238404799993,-31.084811799999954],[-71.65398160599995,-31.090911519999906],[-71.65257649199992,-31.09373169899993],[-71.6558137909999,-31.095707701999913],[-71.65458093199993,-31.097009235999906],[-71.65760141099992,-31.098732626999947],[-71.65511300999992,-31.09819322699991],[-71.65431125799995,-31.100270485999943],[-71.65291922999995,-31.10007369899995],[-71.65155880399993,-31.102509660999942],[-71.65349048199994,-31.103525050999906],[-71.65247431199992,-31.104019454999957],[-71.65336537299993,-31.106215151999947],[-71.65125646899992,-31.106596775999947],[-71.65077216799995,-31.10810382199992],[-71.65303803499995,-31.11086643999994],[-71.66020729899992,-31.11164294999992],[-71.65869577099994,-31.113410225999928],[-71.66019345099994,-31.114515628999925],[-71.66089214499993,-31.118974368999943],[-71.65755297499993,-31.12206001699991],[-71.65873181499995,-31.124055823999925],[-71.65806601799994,-31.128520198999922],[-71.66272855099993,-31.132044769999936],[-71.66191891999995,-31.132710843999917],[-71.6640013679999,-31.134322655999938],[-71.66331411599992,-31.135622008999917],[-71.66513460599992,-31.13773974299994],[-71.6648963639999,-31.14045472199996],[-71.6631100429999,-31.141880535999917],[-71.66431659499995,-31.143564564999906],[-71.66277259599991,-31.14562566999996],[-71.66826501799994,-31.144208755999955],[-71.66918539599993,-31.145492835999903],[-71.66706555799993,-31.148278387999937],[-71.66827600499994,-31.150557507999906],[-71.66714647799995,-31.15093264199993],[-71.66682632599992,-31.154231005999918],[-71.6623294769999,-31.16034844199993],[-71.66247833599994,-31.163208716999918],[-71.66401229199994,-31.162541165999926],[-71.66730260499992,-31.164290209999933],[-71.66581298999995,-31.166774094999937],[-71.66652642699995,-31.170267475999935],[-71.66432434599994,-31.172220497999945],[-71.66151261699991,-31.179511481999953],[-71.66234714799992,-31.18220875599991],[-71.65986511499995,-31.182539679999934],[-71.65807621999994,-31.18503418499995],[-71.65806828699994,-31.18768125899993],[-71.65991096999994,-31.18753493899993],[-71.66069911599993,-31.18929977399995],[-71.65732374699991,-31.190411191999942],[-71.6560273039999,-31.189166374999957],[-71.65566123099995,-31.19113544499993],[-71.65358634099994,-31.191052017999937],[-71.65439485399992,-31.193384633999926],[-71.6520554839999,-31.19379363899992],[-71.65232577199993,-31.19551960499996],[-71.65007042499991,-31.197762096999952],[-71.64959350299995,-31.201063656999906],[-71.65296999399993,-31.20205369899992],[-71.65287884499992,-31.204395861999956],[-71.64857972199991,-31.21111719299995],[-71.64672281499992,-31.213001695999935],[-71.64272021999994,-31.213419726999916],[-71.64181846999992,-31.216192230999923],[-71.63079788099992,-31.21294136599994],[-71.6275239869999,-31.213160847999916],[-71.62719181799991,-31.21179895499995],[-71.62847367199993,-31.21126513699994],[-71.62738235499995,-31.209607062999908],[-71.62525419199994,-31.210135934999926],[-71.62296918399994,-31.208600262999937],[-71.61674133699995,-31.201597187999937],[-71.60937468899994,-31.199062934999915],[-71.60810406799993,-31.196789836999926],[-71.60526421199995,-31.19655042599993],[-71.6033149079999,-31.19119740499991],[-71.60436942899992,-31.189554621999946],[-71.6014602859999,-31.188256682999906],[-71.59974490199994,-31.183259248999946],[-71.59239705899995,-31.173591356999907],[-71.59249545499995,-31.17195159499994],[-71.59079047099993,-31.171449391999943],[-71.58951059199995,-31.167309131999957],[-71.57987597199991,-31.16158620199991],[-71.57075665199994,-31.164849502999914],[-71.56194184399993,-31.17146097999995],[-71.5541012999999,-31.182706718999952],[-71.54812748299992,-31.186478534999935],[-71.54593320799995,-31.183380161999935],[-71.5463830079999,-31.180944174999922],[-71.54341225499991,-31.179356081999913],[-71.53928036499991,-31.17279084699993],[-71.53761745599991,-31.17218840299995],[-71.5329144559999,-31.175608445999956],[-71.5333371129999,-31.178358353999954],[-71.53149967999991,-31.18002626099991],[-71.51824056499993,-31.178081764999945],[-71.51228147299992,-31.174411655999904],[-71.51091822199993,-31.176337229999945],[-71.50569424999992,-31.178620650999903],[-71.50488917599995,-31.182380924999904],[-71.50007982499994,-31.18038134199992],[-71.49091239299992,-31.183079965999923],[-71.48924412699995,-31.18818992699994],[-71.48606055099992,-31.189023940999903],[-71.48405056999991,-31.18699702099991],[-71.48048081699994,-31.178523802999905],[-71.47667428999995,-31.174561902999926],[-71.47511451699995,-31.167587651999952],[-71.4756909749999,-31.165343326999903],[-71.4697060819999,-31.15729756299993],[-71.46914583699993,-31.150793162999946],[-71.47144260999994,-31.141677658999924],[-71.46690452899992,-31.136922911999932],[-71.47164252599993,-31.12691125799995],[-71.47151831999992,-31.12373892599993],[-71.48097125999993,-31.11796535299993],[-71.48199690299992,-31.11554652399991],[-71.48096126399992,-31.113640905999944],[-71.48354344799992,-31.11223828699991],[-71.4834440649999,-31.110179200999937],[-71.48655632799995,-31.109761206999906],[-71.48876932099995,-31.10779475499993],[-71.48857936999991,-31.103567324999915],[-71.4921550279999,-31.099284693999948],[-71.48840658899991,-31.09424161699991],[-71.48756044699991,-31.089389041999937],[-71.49302789099994,-31.08334746299994],[-71.49263342099994,-31.07901420099995],[-71.49595739199992,-31.077085653999916],[-71.50379941799991,-31.067540230999953],[-71.50328029199994,-31.061286584999948],[-71.51771788899993,-31.059093427999926],[-71.52027030399995,-31.059548624999934],[-71.52371762199994,-31.062759593999942],[-71.52968379999993,-31.06413981499992],[-71.53237750399995,-31.06203007399995],[-71.53806692099994,-31.06233360199991],[-71.54229289999995,-31.057610101999956],[-71.54822074999993,-31.055549507999956],[-71.54630197199992,-31.04711134799993],[-71.53942104399994,-31.043272460999958],[-71.53941695899994,-31.041103482999915],[-71.54257898399993,-31.037528305999956],[-71.54063638299993,-31.030653552999922],[-71.53959858999991,-31.029447407999953],[-71.5347168269999,-31.02864152199993],[-71.53316868399992,-31.02488359499995],[-71.53389522599991,-31.021352279999917],[-71.52804123099992,-31.01763854299992],[-71.52669628899991,-31.012632269999926],[-71.53140941099991,-31.006041697999933],[-71.54399639299993,-31.00346976599991],[-71.5478141019999,-30.991789077999954],[-71.54663097699995,-30.984195885999952],[-71.55227437299993,-30.98083906799991],[-71.54342317999993,-30.975267164999934],[-71.54180813799991,-30.970135572999936],[-71.5307655279999,-30.968895862999943],[-71.52926128199994,-30.964853219999952],[-71.52319699199995,-30.963208600999906],[-71.52388067699991,-30.95915468699991],[-71.52127565699993,-30.956626094999933],[-71.52174872299992,-30.953216655999938],[-71.5192914779999,-30.946031261999906],[-71.52104354499994,-30.94268706799994],[-71.51892805999995,-30.93999552799994],[-71.5151513109999,-30.939974393999933],[-71.51473453299991,-30.938918245999957],[-71.51687302999994,-30.93705474399991],[-71.53245284499991,-30.935230642999954],[-71.53885754499993,-30.93266080099994],[-71.5357679519999,-30.92700786599994],[-71.53171600299993,-30.926194407999958],[-71.5331365799999,-30.923821604999944],[-71.53220555599995,-30.920047310999905],[-71.52690842999993,-30.918919264999943],[-71.52570646799995,-30.91546528899994],[-71.52718715199995,-30.91365524699995],[-71.52698071999993,-30.911601504999908],[-71.52433882499992,-30.908138064999946],[-71.52363602199995,-30.904165315999933],[-71.52018644599991,-30.90325401599995],[-71.51830795299992,-30.89937177899992],[-71.51629322699995,-30.900263311999936],[-71.51077156499991,-30.898454057999913],[-71.50372551599992,-30.893774396999902],[-71.50162488899991,-30.894518546999905],[-71.50268579699991,-30.896369166999932],[-71.49938253499994,-30.89765736299995],[-71.49759905999991,-30.895388468999954],[-71.48665112599991,-30.897341743999903],[-71.47220870399991,-30.905028022999943],[-71.46850525099995,-30.909509233999927],[-71.46864179799991,-30.914562038999918],[-71.46525542499995,-30.917133958999955],[-71.45997993999993,-30.913491419999957],[-71.45677861899992,-30.913848764999955],[-71.45398598299994,-30.905992971999922],[-71.44746559799995,-30.90255839899993],[-71.44236017299994,-30.904111563999948],[-71.43355905299995,-30.899420522999947],[-71.42602942299993,-30.900477473999956],[-71.42137338799995,-30.898093395999922],[-71.41722558599992,-30.89380103399992],[-71.40976452799993,-30.89399888999992],[-71.40705999999994,-30.892099999999914],[-71.40488092899994,-30.893674889999943],[-71.40242677599991,-30.89337775599995],[-71.40045176799993,-30.895240653999906],[-71.3977305219999,-30.89434762299993],[-71.39325026099993,-30.89545782299996],[-71.38883673099991,-30.898935795999932],[-71.38485587199995,-30.900142945999903],[-71.38324198999993,-30.89716791099994],[-71.38084977999995,-30.896378909999953],[-71.37959496999991,-30.892573168999945],[-71.37385164599993,-30.888755155999945],[-71.37379191999992,-30.88633447299992],[-71.37680596599995,-30.88221126299993],[-71.37474743899992,-30.881706857999916],[-71.37420192299993,-30.87347842999992],[-71.37833990099995,-30.870132804999912],[-71.37872060099994,-30.866734410999925],[-71.38307076099994,-30.861021594999954],[-71.38383575599994,-30.85752771199992],[-71.38080918899993,-30.852841784999953],[-71.38192186099991,-30.847833760999947],[-71.37868616299994,-30.84532054199991],[-71.37793127299994,-30.841232221999917],[-71.37595241999992,-30.839234608999902],[-71.37641933499992,-30.831177063999917],[-71.37519168799992,-30.828032545999918],[-71.3770500949999,-30.817851253999947],[-71.37414304499993,-30.813015870999948],[-71.37326999899994,-30.803459999999916],[-71.37779240099991,-30.801535315999956],[-71.38136069299992,-30.792394974999922],[-71.38483884199991,-30.79021463899994],[-71.38597672299994,-30.784611790999918],[-71.38968456899994,-30.780840875999957],[-71.38852603999993,-30.77603666999994],[-71.39361738399992,-30.770941310999945],[-71.38841934699991,-30.76897166099991],[-71.39074020999993,-30.761081101999935],[-71.38753395599991,-30.755503862999944],[-71.37786549099991,-30.758445857999902],[-71.37084014499993,-30.76254821099991],[-71.37067007699994,-30.76896578399993],[-71.36865450899995,-30.77357535199991],[-71.36292347299991,-30.777449017999913],[-71.35772636199994,-30.778452556999923],[-71.34600651799991,-30.772871040999917],[-71.33676661899995,-30.77013950199995],[-71.32517019399995,-30.75915382699992],[-71.3215686879999,-30.76008098199992],[-71.31903866199991,-30.76319795699993],[-71.3149300899999,-30.763517021999917],[-71.30917601199991,-30.759400350999954],[-71.30451938999994,-30.748263227999928],[-71.2986780249999,-30.746004172999903],[-71.29297275399995,-30.741172426999924],[-71.2879040489999,-30.739533818999917],[-71.28692447199995,-30.727294367999946],[-71.28165029999991,-30.72714691999994],[-71.27804795999992,-30.721573140999908],[-71.2779674439999,-30.719152245999908],[-71.27145461899994,-30.712357212999905],[-71.26120312299992,-30.70864606999993],[-71.25871277699991,-30.71013252599994],[-71.26350044599991,-30.71523826099991],[-71.26108962099994,-30.72111635899995],[-71.25883070299994,-30.723446831999922],[-71.26548247199992,-30.743076025999926],[-71.2499012099999,-30.75132108799994],[-71.24145297399991,-30.751602676999937],[-71.2387599999999,-30.75624999899992],[-71.23887938399992,-30.76005849099994],[-71.23316700399994,-30.76230832099992],[-71.2327832599999,-30.76508414199992],[-71.22970247599994,-30.76505597499994],[-71.22425567499994,-30.76841486099994],[-71.21836638199994,-30.769792129999928],[-71.21946997399994,-30.77456552299992],[-71.21656037899993,-30.77599339199992],[-71.2144659139999,-30.780264322999926],[-71.21031999999991,-30.78328999999991],[-71.20258738599995,-30.774386398999923],[-71.19774000099994,-30.771459999999934],[-71.17668355299992,-30.774810394999918],[-71.1746447349999,-30.76894527399992],[-71.16932308999992,-30.76865556699994],[-71.1681507209999,-30.766568909999933],[-71.16213105899993,-30.76502771199995],[-71.1558683479999,-30.766236997999954],[-71.15343999999993,-30.774319999999932],[-71.1490504489999,-30.77350792099992],[-71.14577145299995,-30.77578193699992],[-71.14131445599992,-30.775268635999907],[-71.13423976799993,-30.781338828999935],[-71.13353691299994,-30.783502519999956],[-71.13096192899991,-30.780026149999912],[-71.1273354139999,-30.780771273999903],[-71.12261678499993,-30.77670797399992],[-71.11808272499991,-30.779429893999918],[-71.11532455699995,-30.779521978999924],[-71.1096991359999,-30.774339183999928],[-71.10862941199991,-30.771321162999925],[-71.09908817999991,-30.766198457999906],[-71.09766020399991,-30.761447871999906],[-71.09572204799991,-30.76055208899993],[-71.09163507799991,-30.761160548999953],[-71.08815885099995,-30.75884944799992],[-71.08806237199991,-30.754956814999957],[-71.07376090499992,-30.749967011999956],[-71.07103508699993,-30.74559682599994],[-71.06399637699991,-30.74284833899992],[-71.06150008599991,-30.738684364999926],[-71.05255158299991,-30.732178889999943],[-71.05054647599991,-30.72801046299992],[-71.0524393039999,-30.724611031999927],[-71.04941091899991,-30.718004263999944],[-71.05174213799995,-30.715565415999947],[-71.05193148899991,-30.713139820999913],[-71.04918274099992,-30.711769138999955],[-71.04428462499993,-30.706054752999933],[-71.04054821299991,-30.70309213099995],[-71.0253230049999,-30.70553566399991],[-71.02743287599992,-30.702210588999947],[-71.02832935499993,-30.69733469399995],[-71.03176404699991,-30.69338932699992],[-71.03484291899991,-30.693857069999922],[-71.03447443199991,-30.689938327999926],[-71.02915589199995,-30.68415345099993],[-71.02770833299991,-30.680017420999945],[-71.03096488499995,-30.67408724099994],[-71.03337511399991,-30.660470722999946],[-71.04055124999991,-30.655779427999903],[-71.03844141299993,-30.653720370999906],[-71.03488380599993,-30.653383720999955],[-71.03187978799991,-30.64652925899992],[-71.02354908899991,-30.64122713499995],[-71.0111530609999,-30.644907303999958],[-71.00228719799992,-30.644864554999913],[-70.99753238599993,-30.65014358299993],[-70.9922091009999,-30.650089257999923],[-70.9887450029999,-30.645841123999958],[-70.98909251999993,-30.64164367099994],[-70.9833837349999,-30.63829840099993],[-70.9840436849999,-30.633153577999906],[-70.98232544799993,-30.632279424999922],[-70.9807111689999,-30.628763248999917],[-70.97882339299991,-30.62815600899995],[-70.97768965999995,-30.62492114799994],[-70.97330782199992,-30.62186641699992],[-70.97313576399995,-30.619924973999957],[-70.97589880499993,-30.615056713999934],[-70.97951360299993,-30.61192102499996],[-70.97903531999992,-30.608901715999934],[-70.97145969299993,-30.605642859999932],[-70.96891862899992,-30.596479760999955],[-70.96285881299991,-30.590982708999945],[-70.95715883499992,-30.589525952999907],[-70.95660307499992,-30.583711115999904],[-70.94621000899991,-30.58280703199995],[-70.93831806399993,-30.579253122999944],[-70.93662955999991,-30.576102771999956],[-70.93327118499991,-30.573569705999944],[-70.92537665299994,-30.57329270799994],[-70.92250535799991,-30.57204059199995],[-70.91430946499992,-30.572164969999903],[-70.90717467899992,-30.574002025999903],[-70.90652426699995,-30.576087197999925],[-70.90380320999992,-30.577190531999918],[-70.8976849419999,-30.57778610999992],[-70.89374075699993,-30.574983782999936],[-70.89264737499991,-30.573208940999905],[-70.89341840499992,-30.57091982399993],[-70.8863538889999,-30.564012756999944],[-70.88566146099993,-30.560468345999936],[-70.88057736799993,-30.55506177199993],[-70.88040894699992,-30.553291844999933],[-70.87422855099993,-30.544985986999905],[-70.8677131899999,-30.546761827999944],[-70.85689291999995,-30.547002276999933],[-70.85715167799992,-30.54331329599995],[-70.85302016499992,-30.53799644399993],[-70.85690156499993,-30.533112984999946],[-70.85958371699991,-30.53183635599993],[-70.86929674999993,-30.532372367999926],[-70.87008586399992,-30.529618503999927],[-70.87545265999995,-30.52699728199991],[-70.87624960199992,-30.524644725999906],[-70.8859458259999,-30.518504803999917],[-70.88616698699991,-30.51194167999995],[-70.89316983599991,-30.50328879299991],[-70.9024676169999,-30.501748191999923],[-70.90442549199992,-30.50031264799992],[-70.90918246899992,-30.502854360999947],[-70.91110185899993,-30.505686349999905],[-70.91966641899995,-30.507268818999933],[-70.92340644199993,-30.506795304999912],[-70.92956385499991,-30.510318876999918],[-70.93108553499991,-30.51299055399994],[-70.93452539599991,-30.513943577999953],[-70.9369400889999,-30.516802726999913],[-70.93590208499995,-30.524640450999925],[-70.93369383699991,-30.529299962999914],[-70.93674555099994,-30.53386110899993],[-70.94419382299992,-30.533126893999906],[-70.94920591899995,-30.535962800999926],[-70.9522407099999,-30.534214729999917],[-70.9572084049999,-30.53786502899993],[-70.96103372699991,-30.53710275599991],[-70.96439521899993,-30.538798577999955],[-70.97019484299994,-30.53879374299993],[-70.97956966599992,-30.545053741999936],[-70.98636324899991,-30.545358680999925],[-70.99059830699991,-30.542077501999927],[-70.99302120199991,-30.541733981999926],[-70.99583750399995,-30.542701957999952],[-70.99499315599991,-30.545563932999926],[-70.99619914599992,-30.545975704999933],[-70.9984601569999,-30.544943606999936],[-71.0021645139999,-30.54598189199993],[-71.00969317099992,-30.54345060499992],[-71.0125101939999,-30.547474954999927],[-71.0148234959999,-30.546793794999928],[-71.02098595899992,-30.549189098999932],[-71.02380069599991,-30.546028735999926],[-71.02442451099995,-30.54124713899995],[-71.02718021699991,-30.53956487699992],[-71.03188498799994,-30.541208729999937],[-71.03440122899991,-30.53333247899991],[-71.03721254499993,-30.532060241999943],[-71.0356951409999,-30.524003742999923],[-71.03606398099993,-30.51901255799993],[-71.03853601199995,-30.516499249999924],[-71.04472575199992,-30.513532892999933],[-71.0496206869999,-30.507969618999937],[-71.0514497819999,-30.50289799299992],[-71.05141188699992,-30.489480234999917],[-71.05480176299994,-30.48792556399991],[-71.05667906799994,-30.483141927999952],[-71.06300730499993,-30.47973143699994],[-71.06417718499995,-30.47106010999994],[-71.0774053259999,-30.461453788999904],[-71.07397280599992,-30.455319601999918],[-71.07517824099995,-30.452454308999904],[-71.07251820599993,-30.446418947999916],[-71.06734915599992,-30.446161780999944],[-71.06287340499995,-30.447847792999937],[-71.05889635499994,-30.446271483999908],[-71.0579350239999,-30.442047095999953],[-71.05292723399992,-30.435497231999932],[-71.0574769079999,-30.43041775799992],[-71.05865994299995,-30.427086011999904],[-71.05734574599995,-30.42247617399994],[-71.0640146579999,-30.41086097099992],[-71.06534417799992,-30.403654693999954],[-71.06777326899993,-30.399314102999938],[-71.0685654099999,-30.391433389999918],[-71.06715435799993,-30.388521151999953],[-71.09082999799995,-30.38981999999993],[-71.15829999899995,-30.40405999999996],[-71.16084309799993,-30.403323435999937],[-71.16393879499992,-30.396287358999928],[-71.16336780799992,-30.391355280999903],[-71.16463687799995,-30.38824720699995],[-71.16312694899995,-30.383846320999908],[-71.16577904099995,-30.38022223699994],[-71.18720998799995,-30.365250001999925],[-71.1970893539999,-30.363505654999926],[-71.20329207099991,-30.360605204999956],[-71.20526233599992,-30.356845715999953],[-71.20879077899991,-30.354009273999907],[-71.2073614169999,-30.349473409999916],[-71.20881786899992,-30.34611561899993],[-71.20541917399993,-30.34241396999994],[-71.20725832099993,-30.33965255699991],[-71.20858728499991,-30.322824043999958],[-71.21162286099991,-30.315828160999956],[-71.21391666999995,-30.314167591999933],[-71.22277726199991,-30.31218184599993],[-71.23536118499993,-30.311074703999907]]]}}]}